text,label,category
Confidential: Karan Bose's salary was increased to reflect the Deloitte promotion.,sensitive,financial
"I jotted down 850531 and then books 60 kind of waffles 38 basically tea 40, not sure if that's important.",sensitive,hidden_aadhaar
There are 68 people signed up for the Seattle conference so far.,non-sensitive,none
"Contact number for Grace: +1 860-932-5977, please keep this private.",sensitive,pii
"Login credentials — username: anjali19, password: G#9AH#EOVe.",sensitive,credentials
"Karan whispered 5498163 like apples 348 also chairs 03 and pens 30 and then donuts 21, for the online order.",sensitive,hidden_credit_card
Aadhaar number submitted for verification: 3381 1998 1508.,sensitive,pii
The bus number 98 was delayed by 42 minutes today.,non-sensitive,none
The meeting got pushed from 7 to 9 pm.,non-sensitive,none
Olivia scored 68 out of 100 in the Meta quiz.,non-sensitive,none
Room 428 is booked for the EY workshop at 1 pm.,non-sensitive,none
Anjali turned 31 last week and the team threw a small party.,non-sensitive,none
The Wipro team in London celebrated another successful product launch this week.,non-sensitive,none
The meeting got pushed from 10 to 12 pm.,non-sensitive,none
"Card details for the refund: 4965 4721 1206 7726, expiry 08/27.",sensitive,financial
"Card details for the refund: 4270 5521 6711 2985, expiry 08/27.",sensitive,financial
Send the signed NDA to priya.reddy@company.com before Ahmedabad office opens tomorrow.,sensitive,pii
Robert Iyer's credit score and account balance are attached in the report.,sensitive,financial
"Card details for the refund: 4171 3648 2231 4405, expiry 08/27.",sensitive,financial
"For the SAP form Anjali mentioned 15 and tea 19 plus files 24 then apples 38 basically burgers 33 sort of waffles 88, not sure if that's important.",sensitive,hidden_aadhaar
The cafeteria menu at Cognizant has been updated with more vegetarian options.,non-sensitive,none
Our office in Mumbai will be closed for the public holiday on Monday.,non-sensitive,none
"Internal only: Netflix's Q3 layoffs will affect 61 employees, do not share.",sensitive,confidential
"For the EY form Sara mentioned 50420 then tea 174 basically bottles 45 then pens 29, not sure if that's important.",sensitive,hidden_aadhaar
Olivia turned 50 last week and the team threw a small party.,non-sensitive,none
The meeting got pushed from 2 to 4 pm.,non-sensitive,none
Top secret: Oracle is planning to acquire a competitor in Delhi next quarter.,sensitive,confidential
We sold 106 units of the new product this quarter.,non-sensitive,none
The Swiggy team in Sydney celebrated another successful product launch this week.,non-sensitive,none
"Card details for the refund: 4769 3764 8610 7507, expiry 08/27.",sensitive,financial
There are 70 people signed up for the New York conference so far.,non-sensitive,none
The Microsoft team in Boston celebrated another successful product launch this week.,non-sensitive,none
Top secret: Infosys is planning to acquire a competitor in Chicago next quarter.,sensitive,confidential
The Wipro team in Austin celebrated another successful product launch this week.,non-sensitive,none
The bus number 887 was delayed by 6 minutes today.,non-sensitive,none
Nina Rao's credit score and account balance are attached in the report.,sensitive,financial
The Intel team in Dallas celebrated another successful product launch this week.,non-sensitive,none
The cafeteria menu at Uber has been updated with more vegetarian options.,non-sensitive,none
Room 121 is booked for the Intel workshop at 5 pm.,non-sensitive,none
"Login credentials — username: daniel92, password: yeuCjVr5mX.",sensitive,credentials
Aadhaar number submitted for verification: 5548 2489 0362.,sensitive,pii
"Neha whispered 9375665472 and then apples 06 umm bottles 26 umm tacos 19, for the online order.",sensitive,hidden_credit_card
"Server access IP restricted to 24.43.195.223, do not share externally.",sensitive,credentials
Arjun turned 30 last week and the team threw a small party.,non-sensitive,none
I bought 3 mangoes and 12 burgers today.,non-sensitive,none
Chris joined the IBM engineering team as an intern this summer.,non-sensitive,none
Send the signed NDA to thomas.gupta@gmail.com before Delhi office opens tomorrow.,sensitive,pii
There are 33 people signed up for the Delhi conference so far.,non-sensitive,none
Paytm's new mobile app received positive reviews from early users.,non-sensitive,none
"Please do not share: Thomas's home address is 285 5th Avenue, London.",sensitive,pii
There are 78 people signed up for the Boston conference so far.,non-sensitive,none
"Over the phone Thomas said 808 plus apples 71930 also donuts 458 umm folders 99 and icecream 142, for the online order.",sensitive,hidden_credit_card
"Aditya Brown lives at 999 Ring Road, Ahmedabad, please update the delivery records.",sensitive,pii
"Daniel whispered 86944 basically tea 414 kind of mangoes 397 sort of noodles 769 like folders 60, for the online order.",sensitive,hidden_credit_card
David scored 96 out of 100 in the Google quiz.,non-sensitive,none
"Over the phone Vikram said 6817459690 kind of noodles 63 sort of donuts 56 like noodles 03, for the online order.",sensitive,hidden_credit_card
"For the Intel form Grace mentioned 74 and then pens 6585 then tea 39 like books 78 then coffee 35, not sure if that's important.",sensitive,hidden_aadhaar
"Card details for the refund: 4392 9036 4233 5941, expiry 08/27.",sensitive,financial
"Temporary login password: RA9a9SkpXz, must be changed on first use.",sensitive,credentials
"Contact number for Nina: +1 642-737-1917, please keep this private.",sensitive,pii
Arjun Singh's credit score and account balance are attached in the report.,sensitive,financial
The bus number 366 was delayed by 12 minutes today.,non-sensitive,none
Send the signed NDA to grace.wilson@gmail.com before Singapore office opens tomorrow.,sensitive,pii
"Emergency contact for Karan Taylor: +1 413-645-4430, next of kin details attached.",sensitive,pii
Divya gave a great presentation on market trends during today's meeting.,non-sensitive,none
Arjun Anderson's credit score and account balance are attached in the report.,sensitive,financial
We sold 121 units of the new product this quarter.,non-sensitive,none
"For the Capgemini form Olivia mentioned 48 umm boxes 72 then coffee 84 sort of icecream 170 plus pens 446, not sure if that's important.",sensitive,hidden_aadhaar
Aadhaar number submitted for verification: 0868 0025 7407.,sensitive,pii
Emily turned 50 last week and the team threw a small party.,non-sensitive,none
The Amazon team in Dallas celebrated another successful product launch this week.,non-sensitive,none
I bought 19 bottles and 12 donuts today.,non-sensitive,none
There are 54 people signed up for the Hyderabad conference so far.,non-sensitive,none
There are 68 people signed up for the New York conference so far.,non-sensitive,none
Rohit scored 63 out of 100 in the Swiggy quiz.,non-sensitive,none
"Internal only: Swiggy's Q3 layoffs will affect 297 employees, do not share.",sensitive,confidential
"Contact number for Thomas: +1 427-886-1801, please keep this private.",sensitive,pii
The Meta team in Seattle celebrated another successful product launch this week.,non-sensitive,none
"Temporary login password: 0MAs78vfSA, must be changed on first use.",sensitive,credentials
"Login credentials — username: daniel42, password: #$zJ5$9#FH.",sensitive,credentials
Employees are encouraged to recycle more as part of the Accenture green initiative.,non-sensitive,none
The EY team in Kolkata celebrated another successful product launch this week.,non-sensitive,none
Please reach Anjali Sharma at anjali.sharma@outlook.com for the Tesla onboarding paperwork.,sensitive,pii
"Please do not share: Meera's home address is 785 Ring Road, Berlin.",sensitive,pii
James Joshi's credit score and account balance are attached in the report.,sensitive,financial
William joined the Google engineering team as an intern this summer.,non-sensitive,none
The meeting got pushed from 1 to 1 pm.,non-sensitive,none
"I noted down 1685108 and then apples 28 like tacos 81 plus mangoes 797 sort of pizza 51, for the online order.",sensitive,hidden_credit_card
"I noted down 584203 like folders 373 umm tea 512 and folders 43 plus apples 18, for the online order.",sensitive,hidden_credit_card
Team building activities are planned for the upcoming offsite in Boston.,non-sensitive,none
Room 308 is booked for the Deloitte workshop at 10 pm.,non-sensitive,none
"Over the phone Robert said 6092 sort of donuts 6731346 and tacos 682 plus bottles 43, for the online order.",sensitive,hidden_credit_card
Please reach Grace Taylor at grace.taylor@yahoo.com for the Infosys onboarding paperwork.,sensitive,pii
"Emergency contact for Sara Patel: +1 394-756-6272, next of kin details attached.",sensitive,pii
Daniel scored 98 out of 100 in the Google quiz.,non-sensitive,none
I bought 5 files and 18 burgers today.,non-sensitive,none
Send the signed NDA to nina.reddy@outlook.com before Pune office opens tomorrow.,sensitive,pii
The new Pune branch office will open its doors early next month.,non-sensitive,none
The bus number 561 was delayed by 23 minutes today.,non-sensitive,none
"For the Oracle form Laura mentioned 92 sort of tacos 33 and then tea 43 umm tacos 86 like folders 46 like donuts 99, not sure if that's important.",sensitive,hidden_aadhaar
There are 9 people signed up for the Ahmedabad conference so far.,non-sensitive,none
I bought 6 chairs and 9 noodles today.,non-sensitive,none
I bought 23 tickets and 9 sandwiches today.,non-sensitive,none
I bought 21 apples and 17 icecream today.,non-sensitive,none
Aadhaar number submitted for verification: 2176 3039 7202.,sensitive,pii
"During lunch we discussed 322 kind of burgers 13 sort of sandwiches 183 basically tickets 8043, not sure if that's important.",sensitive,hidden_aadhaar
Flipkart published a blog post about its latest open-source contributions.,non-sensitive,none
Google is hosting a public webinar on industry best practices next week.,non-sensitive,none
The library added several new books recommended by the SAP book club.,non-sensitive,none
The HCL team in Berlin celebrated another successful product launch this week.,non-sensitive,none
"Olivia casually said 09 also files 44 and then chairs 20 kind of coffee 13 umm coffee 77 then files 23, not sure if that's important.",sensitive,hidden_aadhaar
Send the signed NDA to mark.sharma@outlook.com before Delhi office opens tomorrow.,sensitive,pii
"Login credentials — username: aditya85, password: 1#qt$c4xat.",sensitive,credentials
"William casually said 380098 plus icecream 50 then sandwiches 72 like boxes 11, not sure if that's important.",sensitive,hidden_aadhaar
API key for the production environment: FAKEKEY_rxVNMhvaLw6wyMWh824vv6Tv.,sensitive,credentials
The Delhi marathon route will pass right by our office building this year.,non-sensitive,none
Accenture's new mobile app received positive reviews from early users.,non-sensitive,none
The bus number 592 was delayed by 19 minutes today.,non-sensitive,none
Employees are encouraged to recycle more as part of the Uber green initiative.,non-sensitive,none
TCS is hosting a public webinar on industry best practices next week.,non-sensitive,none
"The weather in Hyderabad has been pleasant this week, perfect for outdoor events.",non-sensitive,none
Karan turned 29 last week and the team threw a small party.,non-sensitive,none
Parking near the Berlin office will be limited due to ongoing construction.,non-sensitive,none
"For the Paytm form Sneha mentioned 16 plus pens 07 and files 15 and apples 22 kind of tickets 28 kind of icecream 72, not sure if that's important.",sensitive,hidden_aadhaar
"Server access IP restricted to 91.71.24.204, do not share externally.",sensitive,credentials
The Deloitte team in Bangalore celebrated another successful product launch this week.,non-sensitive,none
"During lunch we discussed 07 like icecream 317 sort of noodles 5597 plus bottles 266, not sure if that's important.",sensitive,hidden_aadhaar
The new Delhi branch office will open its doors early next month.,non-sensitive,none
We sold 1515 units of the new product this quarter.,non-sensitive,none
"I jotted down 84 sort of sandwiches 8054 then mangoes 70 like icecream 66 also pens 63, not sure if that's important.",sensitive,hidden_aadhaar
EY published a blog post about its latest open-source contributions.,non-sensitive,none
Bank account number 6471636763 linked to Fatima Joshi's reimbursement.,sensitive,financial
"During lunch we discussed 121 basically folders 133 basically tacos 21 and then pizza 22 like mangoes 96, not sure if that's important.",sensitive,hidden_aadhaar
API key for the production environment: FAKEKEY_IIXGvOoNZYW2mZp0zVZomHFw.,sensitive,credentials
Quarterly all-hands meeting is scheduled for next Friday at the Toronto office.,non-sensitive,none
Quarterly all-hands meeting is scheduled for next Friday at the Sydney office.,non-sensitive,none
"Internal only: Oracle's Q3 layoffs will affect 236 employees, do not share.",sensitive,confidential
I bought 31 boxes and 4 tacos today.,non-sensitive,none
API key for the production environment: FAKEKEY_bLgDTALQGfpCsndxKc41hW2L.,sensitive,credentials
"For the SAP form Kavya mentioned 9795 then waffles 58 also tacos 89 like pizza 9617, not sure if that's important.",sensitive,hidden_aadhaar
"Divya whispered 87359855 also bottles 22 kind of pens 23 basically burgers 75 sort of books 33, for the online order.",sensitive,hidden_credit_card
Aadhaar number submitted for verification: 1413 6881 0303.,sensitive,pii
"During lunch we discussed 58 and files 98 basically noodles 93 like icecream 47 also boxes 01 basically coffee 25, not sure if that's important.",sensitive,hidden_aadhaar
Microsoft published a blog post about its latest open-source contributions.,non-sensitive,none
Karan scored 91 out of 100 in the Google quiz.,non-sensitive,none
Passport number for Neha Davis: X5262360.,sensitive,pii
We sold 2413 units of the new product this quarter.,non-sensitive,none
The bus number 591 was delayed by 13 minutes today.,non-sensitive,none
I bought 36 chairs and 14 coffee today.,non-sensitive,none
Aadhaar number submitted for verification: 9130 5248 9907.,sensitive,pii
Passport number for Mark Kapoor: X7504650.,sensitive,pii
"Temporary login password: gt2XLcDNj8, must be changed on first use.",sensitive,credentials
"Please do not share: Divya's home address is 11 Lakeview Street, Hyderabad.",sensitive,pii
Bank account number 1056422025 linked to Rohit Chowdhury's reimbursement.,sensitive,financial
SAP published a blog post about its latest open-source contributions.,non-sensitive,none
I bought 49 tickets and 9 waffles today.,non-sensitive,none
The bus number 185 was delayed by 42 minutes today.,non-sensitive,none
"Michael casually said 929 also sandwiches 71 kind of tacos 12 basically burgers 04 then coffee 862, not sure if that's important.",sensitive,hidden_aadhaar
Anjali ran 4 kilometers this morning before work.,non-sensitive,none
Bank account number 5991302253 linked to Sneha Gupta's reimbursement.,sensitive,financial
"Temporary login password: Q59fwhw5ji, must be changed on first use.",sensitive,credentials
Room 292 is booked for the Adobe workshop at 11 pm.,non-sensitive,none
There are 58 people signed up for the New York conference so far.,non-sensitive,none
Please reach William Rao at william.rao@company.com for the SAP onboarding paperwork.,sensitive,pii
"Priya Lewis's SSN on file is 622-68-3004, needed for payroll processing.",sensitive,pii
"Temporary login password: BKbH3pw4vK, must be changed on first use.",sensitive,credentials
"Internal only: Oracle's Q3 layoffs will affect 138 employees, do not share.",sensitive,confidential
"Contact number for Fatima: +1 338-716-4795, please keep this private.",sensitive,pii
The recipe needs 4 cups of flour and 2 eggs.,non-sensitive,none
Top secret: HCL is planning to acquire a competitor in Hyderabad next quarter.,sensitive,confidential
James ran 19 kilometers this morning before work.,non-sensitive,none
The Capgemini team in Seattle celebrated another successful product launch this week.,non-sensitive,none
We sold 3804 units of the new product this quarter.,non-sensitive,none
"I jotted down 88663 sort of tickets 04 like donuts 64 and then apples 056, not sure if that's important.",sensitive,hidden_aadhaar
"Please do not share: Fatima's home address is 346 Brigade Road, Pune.",sensitive,pii
"Server access IP restricted to 110.230.160.188, do not share externally.",sensitive,credentials
Room 107 is booked for the IBM workshop at 5 pm.,non-sensitive,none
The meeting got pushed from 3 to 9 pm.,non-sensitive,none
I bought 49 pens and 17 tacos today.,non-sensitive,none
Room 329 is booked for the Adobe workshop at 5 pm.,non-sensitive,none
I bought 2 files and 12 sandwiches today.,non-sensitive,none
Team building activities are planned for the upcoming offsite in Delhi.,non-sensitive,none
"Login credentials — username: arjun16, password: PAvNt$IGJ5.",sensitive,credentials
Top secret: Adobe is planning to acquire a competitor in Pune next quarter.,sensitive,confidential
"Emergency contact for Riya Johnson: +1 979-480-3872, next of kin details attached.",sensitive,pii
There are 18 people signed up for the Bangalore conference so far.,non-sensitive,none
Uber published a blog post about its latest open-source contributions.,non-sensitive,none
There are 58 people signed up for the Toronto conference so far.,non-sensitive,none
"Over the phone Emily said 21106 and then mangoes 5883 basically donuts 301 sort of mangoes 97 basically chairs 72, for the online order.",sensitive,hidden_credit_card
The bus number 229 was delayed by 38 minutes today.,non-sensitive,none
"Server access IP restricted to 186.2.2.217, do not share externally.",sensitive,credentials
Top secret: Google is planning to acquire a competitor in Kolkata next quarter.,sensitive,confidential
The bus number 538 was delayed by 10 minutes today.,non-sensitive,none
"James read out the numbers 18315 plus tacos 5428 plus tea 310 kind of boxes 86 and pens 02, for the online order.",sensitive,hidden_credit_card
Room 136 is booked for the IBM workshop at 7 pm.,non-sensitive,none
HCL published a blog post about its latest open-source contributions.,non-sensitive,none
Priya turned 21 last week and the team threw a small party.,non-sensitive,none
"I jotted down 563 basically tickets 70 like tacos 43 and then tickets 526 kind of noodles 45, not sure if that's important.",sensitive,hidden_aadhaar
We sold 852 units of the new product this quarter.,non-sensitive,none
"Please do not share: Fatima's home address is 405 Lakeview Street, Dallas.",sensitive,pii
"Login credentials — username: meera25, password: RyoZvKyjc4.",sensitive,credentials
API key for the production environment: FAKEKEY_tAeN8ZGVCRBLXH1WErl0A550.,sensitive,credentials
Flipkart's new mobile app received positive reviews from early users.,non-sensitive,none
Arjun Nair's credit score and account balance are attached in the report.,sensitive,financial
The bus number 953 was delayed by 14 minutes today.,non-sensitive,none
"Emergency contact for Grace Iyer: +1 679-213-1890, next of kin details attached.",sensitive,pii
"I noted down 7394161 also books 70 kind of noodles 153 and mangoes 20 umm pizza 91, for the online order.",sensitive,hidden_credit_card
The new Austin branch office will open its doors early next month.,non-sensitive,none
Send the signed NDA to robert.verma@outlook.com before Jaipur office opens tomorrow.,sensitive,pii
Sneha Verma's credit score and account balance are attached in the report.,sensitive,financial
I bought 11 chairs and 20 coffee today.,non-sensitive,none
Bank account number 8130471034 linked to Daniel Joshi's reimbursement.,sensitive,financial
"Card details for the refund: 4002 7115 4533 7702, expiry 08/27.",sensitive,financial
I bought 8 bottles and 4 icecream today.,non-sensitive,none
"Internal only: IBM's Q3 layoffs will affect 22 employees, do not share.",sensitive,confidential
There are 6 people signed up for the Seattle conference so far.,non-sensitive,none
"Vikram casually said 57 umm files 24 umm donuts 68 basically pens 913 basically icecream 057, not sure if that's important.",sensitive,hidden_aadhaar
"Card details for the refund: 4036 9091 5903 4514, expiry 08/27.",sensitive,financial
The Jaipur marathon route will pass right by our office building this year.,non-sensitive,none
The bus number 128 was delayed by 33 minutes today.,non-sensitive,none
"Internal only: Infosys's Q3 layoffs will affect 59 employees, do not share.",sensitive,confidential
Employees are encouraged to recycle more as part of the Flipkart green initiative.,non-sensitive,none
Parking near the Hyderabad office will be limited due to ongoing construction.,non-sensitive,none
"During lunch we discussed 44 plus bottles 423 and then boxes 12 basically tacos 427 like mangoes 90, not sure if that's important.",sensitive,hidden_aadhaar
There are 27 people signed up for the Dallas conference so far.,non-sensitive,none
Emily Verma's credit score and account balance are attached in the report.,sensitive,financial
Mark scored 97 out of 100 in the Oracle quiz.,non-sensitive,none
"Temporary login password: TGcyJ3Xu3r, must be changed on first use.",sensitive,credentials
API key for the production environment: FAKEKEY_pCS02zG8FBIPY3jnow1veeth.,sensitive,credentials
The bus number 513 was delayed by 6 minutes today.,non-sensitive,none
Passport number for John Sharma: X9538009.,sensitive,pii
"For the Tesla form Fatima mentioned 33 sort of tea 44 also pens 90 basically books 30 umm tea 09 sort of tacos 60, not sure if that's important.",sensitive,hidden_aadhaar
The library added several new books recommended by the Amazon book club.,non-sensitive,none
"Login credentials — username: priya2, password: iDm0V#Zty1.",sensitive,credentials
John turned 54 last week and the team threw a small party.,non-sensitive,none
"Temporary login password: LhcuiS4hX4, must be changed on first use.",sensitive,credentials
The bus number 470 was delayed by 28 minutes today.,non-sensitive,none
There are 61 people signed up for the Kolkata conference so far.,non-sensitive,none
The New York marathon route will pass right by our office building this year.,non-sensitive,none
There are 49 people signed up for the Boston conference so far.,non-sensitive,none
"Over the phone Vikram said 934 sort of mangoes 5421498 umm waffles 9647 basically boxes 78, for the online order.",sensitive,hidden_credit_card
"For the Tesla form Robert mentioned 70 kind of tacos 012 and boxes 096 plus apples 92 also pens 69, not sure if that's important.",sensitive,hidden_aadhaar
The meeting got pushed from 11 to 4 pm.,non-sensitive,none
We sold 4549 units of the new product this quarter.,non-sensitive,none
"Grace Bhat's SSN on file is 953-54-5132, needed for payroll processing.",sensitive,pii
Olivia scored 73 out of 100 in the Intel quiz.,non-sensitive,none
"Emily Sharma's SSN on file is 851-50-9380, needed for payroll processing.",sensitive,pii
Please reach Arjun Smith at arjun.smith@gmail.com for the Oracle onboarding paperwork.,sensitive,pii
I bought 46 apples and 10 sandwiches today.,non-sensitive,none
The Uber team in Chicago celebrated another successful product launch this week.,non-sensitive,none
I bought 22 bottles and 19 donuts today.,non-sensitive,none
"Over the phone Aditya said 534842 and chairs 049193 kind of noodles 43 plus pens 69, for the online order.",sensitive,hidden_credit_card
Room 450 is booked for the EY workshop at 3 pm.,non-sensitive,none
IBM announced a new sustainability initiative to reduce carbon emissions.,non-sensitive,none
"I jotted down 41353 like bottles 466 then chairs 10 sort of pens 21, not sure if that's important.",sensitive,hidden_aadhaar
Divya joined the Cognizant engineering team as an intern this summer.,non-sensitive,none
"During lunch we discussed 215758 and then burgers 62 and sandwiches 22 also coffee 46, not sure if that's important.",sensitive,hidden_aadhaar
Send the signed NDA to chris.taylor@yahoo.com before Kolkata office opens tomorrow.,sensitive,pii
We sold 2624 units of the new product this quarter.,non-sensitive,none
"For the Cognizant form Kavya mentioned 85 also bottles 91 kind of waffles 87 and then donuts 74 also burgers 38 and then icecream 96, not sure if that's important.",sensitive,hidden_aadhaar
"Temporary login password: HzaFP#heMb, must be changed on first use.",sensitive,credentials
The Chicago marathon route will pass right by our office building this year.,non-sensitive,none
"For the Deloitte form Neha mentioned 06 umm files 55 like tickets 819 plus tacos 47 like apples 688, not sure if that's important.",sensitive,hidden_aadhaar
Vikram scored 63 out of 100 in the Capgemini quiz.,non-sensitive,none
I bought 38 files and 9 noodles today.,non-sensitive,none
"Please do not share: David's home address is 847 Brigade Road, Sydney.",sensitive,pii
Our office in Singapore will be closed for the public holiday on Monday.,non-sensitive,none
Capgemini's new mobile app received positive reviews from early users.,non-sensitive,none
"Internal only: Adobe's Q3 layoffs will affect 212 employees, do not share.",sensitive,confidential
"Please do not share: Sneha's home address is 316 Maple Court, Chennai.",sensitive,pii
Karan scored 88 out of 100 in the Zoho quiz.,non-sensitive,none
Please reach Aditya Patel at aditya.patel@company.com for the Cognizant onboarding paperwork.,sensitive,pii
"I noted down 348 also coffee 54422 kind of pizza 250 then waffles 72 kind of waffles 839, for the online order.",sensitive,hidden_credit_card
"James whispered 582491678 basically boxes 46 kind of chairs 503 and then tacos 79, for the online order.",sensitive,hidden_credit_card
"Server access IP restricted to 142.76.3.175, do not share externally.",sensitive,credentials
API key for the production environment: FAKEKEY_xiJ6x11qpdcgKZO60Tz5d8nF.,sensitive,credentials
Aadhaar number submitted for verification: 6462 2614 1705.,sensitive,pii
I bought 46 books and 10 pizza today.,non-sensitive,none
"Divya Chowdhury lives at 126 Oak Lane, Pune, please update the delivery records.",sensitive,pii
I bought 42 files and 13 tea today.,non-sensitive,none
"During lunch we discussed 389 basically sandwiches 70 also tacos 92 then folders 36 also tacos 186, not sure if that's important.",sensitive,hidden_aadhaar
Sara joined the Google engineering team as an intern this summer.,non-sensitive,none
We sold 107 units of the new product this quarter.,non-sensitive,none
"Meera read out the numbers 7865202290 and then tacos 84 and boxes 18 and then boxes 05, for the online order.",sensitive,hidden_credit_card
API key for the production environment: FAKEKEY_rBGumXxY9B4bZWOz648JJnUf.,sensitive,credentials
There are 76 people signed up for the Delhi conference so far.,non-sensitive,none
"Please do not share: Sara's home address is 678 Church Street, Berlin.",sensitive,pii
"During lunch we discussed 21 and donuts 45661 plus tea 594 kind of folders 43, not sure if that's important.",sensitive,hidden_aadhaar
There are 25 people signed up for the Austin conference so far.,non-sensitive,none
Top secret: Capgemini is planning to acquire a competitor in Kolkata next quarter.,sensitive,confidential
"Server access IP restricted to 124.133.3.28, do not share externally.",sensitive,credentials
"Card details for the refund: 4380 5755 9864 4432, expiry 08/27.",sensitive,financial
Fatima organized a fun trivia night for the whole department.,non-sensitive,none
The Intel team in London celebrated another successful product launch this week.,non-sensitive,none
The Hyderabad marathon route will pass right by our office building this year.,non-sensitive,none
Our office in Austin will be closed for the public holiday on Monday.,non-sensitive,none
"I jotted down 0267 then burgers 32 kind of books 06 plus waffles 24 and coffee 07, not sure if that's important.",sensitive,hidden_aadhaar
The bus number 61 was delayed by 31 minutes today.,non-sensitive,none
I bought 28 tickets and 4 burgers today.,non-sensitive,none
There are 56 people signed up for the Dallas conference so far.,non-sensitive,none
We sold 1695 units of the new product this quarter.,non-sensitive,none
"Login credentials — username: neha29, password: HLn@xC!1hs.",sensitive,credentials
"John whispered 3769 kind of pizza 1844 also apples 77 basically boxes 13 basically tacos 96 then mangoes 99, for the online order.",sensitive,hidden_credit_card
Vikram scored 96 out of 100 in the Deloitte quiz.,non-sensitive,none
"Grace Chowdhury lives at 719 Elm Drive, Toronto, please update the delivery records.",sensitive,pii
The HCL team in Toronto celebrated another successful product launch this week.,non-sensitive,none
Aadhaar number submitted for verification: 6040 2014 4052.,sensitive,pii
"Server access IP restricted to 116.11.184.57, do not share externally.",sensitive,credentials
Aadhaar number submitted for verification: 9705 8062 6167.,sensitive,pii
Room 477 is booked for the Intel workshop at 12 pm.,non-sensitive,none
Top secret: Zoho is planning to acquire a competitor in Mumbai next quarter.,sensitive,confidential
API key for the production environment: FAKEKEY_si0Tzswz26DXO4O33i7rlbxR.,sensitive,credentials
The cafeteria menu at Swiggy has been updated with more vegetarian options.,non-sensitive,none
"Internal only: Uber's Q3 layoffs will affect 89 employees, do not share.",sensitive,confidential
The Wipro team in Berlin celebrated another successful product launch this week.,non-sensitive,none
Bank account number 4596438319 linked to Laura Malhotra's reimbursement.,sensitive,financial
Fatima joined the EY engineering team as an intern this summer.,non-sensitive,none
We sold 2015 units of the new product this quarter.,non-sensitive,none
Meera joined the Tesla engineering team as an intern this summer.,non-sensitive,none
Priya Bhat's credit score and account balance are attached in the report.,sensitive,financial
Bank account number 7514520254 linked to Robert Gupta's reimbursement.,sensitive,financial
Daniel joined the Adobe engineering team as an intern this summer.,non-sensitive,none
The bus number 282 was delayed by 6 minutes today.,non-sensitive,none
Emily ran 12 kilometers this morning before work.,non-sensitive,none
There are 9 people signed up for the Kolkata conference so far.,non-sensitive,none
"Login credentials — username: james62, password: ot$hB9KpGz.",sensitive,credentials
"For the Accenture form Vikram mentioned 74685 kind of burgers 34 and bottles 83 plus burgers 374, not sure if that's important.",sensitive,hidden_aadhaar
"William Reddy lives at 813 MG Road, Jaipur, please update the delivery records.",sensitive,pii
"Temporary login password: m7mzlg1CG4, must be changed on first use.",sensitive,credentials
The bus number 107 was delayed by 31 minutes today.,non-sensitive,none
We sold 2890 units of the new product this quarter.,non-sensitive,none
Parking near the Dallas office will be limited due to ongoing construction.,non-sensitive,none
Employees are encouraged to recycle more as part of the IBM green initiative.,non-sensitive,none
"Emily read out the numbers 47724365 like burgers 01 also files 75 also noodles 35 basically apples 93, for the online order.",sensitive,hidden_credit_card
There are 64 people signed up for the Bangalore conference so far.,non-sensitive,none
Top secret: Oracle is planning to acquire a competitor in Pune next quarter.,sensitive,confidential
"I jotted down 21 like pens 49 and then tea 46 then sandwiches 79 and icecream 87 and burgers 04, not sure if that's important.",sensitive,hidden_aadhaar
"I noted down 1470 sort of donuts 86 kind of files 636 and then icecream 49 basically tea 485 basically noodles 86, for the online order.",sensitive,hidden_credit_card
There are 37 people signed up for the Mumbai conference so far.,non-sensitive,none
Mark gave a great presentation on market trends during today's meeting.,non-sensitive,none
Quarterly all-hands meeting is scheduled for next Friday at the London office.,non-sensitive,none
"Please do not share: Mark's home address is 425 Elm Drive, Delhi.",sensitive,pii
"Emergency contact for Rohit Johnson: +1 477-986-4722, next of kin details attached.",sensitive,pii
"Fatima casually said 47 basically chairs 637 also sandwiches 88 also folders 118 plus books 04, not sure if that's important.",sensitive,hidden_aadhaar
"James Singh lives at 658 Elm Drive, Hyderabad, please update the delivery records.",sensitive,pii
"Please do not share: Divya's home address is 923 Ring Road, Dallas.",sensitive,pii
William gave a great presentation on market trends during today's meeting.,non-sensitive,none
"Over the phone Daniel said 24578 umm tea 36 and then donuts 4820 also coffee 25 sort of files 903, for the online order.",sensitive,hidden_credit_card
Employees are encouraged to recycle more as part of the Infosys green initiative.,non-sensitive,none
The meeting got pushed from 9 to 4 pm.,non-sensitive,none
Bank account number 7314793776 linked to Chris Roy's reimbursement.,sensitive,financial
Team building activities are planned for the upcoming offsite in Mumbai.,non-sensitive,none
Aadhaar number submitted for verification: 4330 2630 0102.,sensitive,pii
Laura scored 65 out of 100 in the Netflix quiz.,non-sensitive,none
"Login credentials — username: neha66, password: drcFlCxvnN.",sensitive,credentials
I bought 26 bottles and 17 waffles today.,non-sensitive,none
The cafeteria menu at Infosys has been updated with more vegetarian options.,non-sensitive,none
The bus number 106 was delayed by 11 minutes today.,non-sensitive,none
"Sneha Brown's SSN on file is 686-89-7075, needed for payroll processing.",sensitive,pii
"During lunch we discussed 0793 plus bottles 97 and then icecream 63 kind of sandwiches 32 basically donuts 92, not sure if that's important.",sensitive,hidden_aadhaar
"Fatima casually said 0561 umm books 11 then folders 89 like folders 27 kind of pizza 42, not sure if that's important.",sensitive,hidden_aadhaar
The recipe needs 5 cups of flour and 3 eggs.,non-sensitive,none
The library added several new books recommended by the HCL book club.,non-sensitive,none
Top secret: Tesla is planning to acquire a competitor in Austin next quarter.,sensitive,confidential
I bought 30 books and 15 sandwiches today.,non-sensitive,none
Room 405 is booked for the Cognizant workshop at 9 pm.,non-sensitive,none
"Kavya whispered 63 then folders 470443 umm boxes 95 like tea 34 like donuts 11 plus sandwiches 21, for the online order.",sensitive,hidden_credit_card
"Contact number for Michael: +1 770-332-2035, please keep this private.",sensitive,pii
Room 447 is booked for the Capgemini workshop at 6 pm.,non-sensitive,none
Room 232 is booked for the Infosys workshop at 2 pm.,non-sensitive,none
Bank account number 4148377591 linked to James Iyer's reimbursement.,sensitive,financial
The company newsletter highlighted recent achievements across all departments.,non-sensitive,none
API key for the production environment: FAKEKEY_lq5TYpbbhf7fmjEveHwusAVE.,sensitive,credentials
The Toronto marathon route will pass right by our office building this year.,non-sensitive,none
"Vikram Verma's SSN on file is 515-83-6975, needed for payroll processing.",sensitive,pii
"Server access IP restricted to 140.5.12.165, do not share externally.",sensitive,credentials
"Temporary login password: AUUpe73dq2, must be changed on first use.",sensitive,credentials
"Meera read out the numbers 35783 then pens 55 also books 061 and then pens 83 then chairs 94 also bottles 58, for the online order.",sensitive,hidden_credit_card
The meeting got pushed from 5 to 5 pm.,non-sensitive,none
Meta's new mobile app received positive reviews from early users.,non-sensitive,none
Employees are encouraged to recycle more as part of the TCS green initiative.,non-sensitive,none
"William Taylor lives at 515 Brigade Road, Toronto, please update the delivery records.",sensitive,pii
Passport number for Chris Smith: X3459582.,sensitive,pii
Send the signed NDA to laura.smith@hotmail.com before New York office opens tomorrow.,sensitive,pii
Michael organized a fun trivia night for the whole department.,non-sensitive,none
Please reach Rohit Anderson at rohit.anderson@outlook.com for the EY onboarding paperwork.,sensitive,pii
"Emergency contact for Sneha Clark: +1 300-614-2674, next of kin details attached.",sensitive,pii
Vikram organized a fun trivia night for the whole department.,non-sensitive,none
"Olivia whispered 23 umm pizza 630 basically noodles 10683 basically pens 85 like coffee 4025, for the online order.",sensitive,hidden_credit_card
Room 450 is booked for the Accenture workshop at 8 pm.,non-sensitive,none
John scored 100 out of 100 in the Flipkart quiz.,non-sensitive,none
The bus number 497 was delayed by 12 minutes today.,non-sensitive,none
Aadhaar number submitted for verification: 3275 8437 6327.,sensitive,pii
"Internal only: Microsoft's Q3 layoffs will affect 205 employees, do not share.",sensitive,confidential
Passport number for Nina Bose: X3839148.,sensitive,pii
Bank account number 6891355167 linked to Rohit Patel's reimbursement.,sensitive,financial
"Daniel read out the numbers 169 kind of tickets 66 umm tea 1488530 like pizza 69 umm sandwiches 97, for the online order.",sensitive,hidden_credit_card
"Over the phone Priya said 968 plus noodles 60869 plus coffee 96 like coffee 53 plus donuts 69 then bottles 20, for the online order.",sensitive,hidden_credit_card
Team building activities are planned for the upcoming offsite in London.,non-sensitive,none
"The weather in Austin has been pleasant this week, perfect for outdoor events.",non-sensitive,none
API key for the production environment: FAKEKEY_WqGBHIvUdboUboGsnOTSDNm5.,sensitive,credentials
The meeting got pushed from 2 to 11 pm.,non-sensitive,none
"I noted down 37 and then files 947 and then burgers 40 and then chairs 673 also apples 5785 then books 52, for the online order.",sensitive,hidden_credit_card
"Rohit whispered 2926 then mangoes 443 kind of mangoes 490 sort of icecream 20 plus apples 24 kind of burgers 20, for the online order.",sensitive,hidden_credit_card
Aditya ran 8 kilometers this morning before work.,non-sensitive,none
The bus number 641 was delayed by 42 minutes today.,non-sensitive,none
"Emergency contact for Anjali Khan: +1 913-774-2713, next of kin details attached.",sensitive,pii
"Emergency contact for Mark Lewis: +1 872-862-3242, next of kin details attached.",sensitive,pii
Aadhaar number submitted for verification: 1773 9893 5266.,sensitive,pii
Meera turned 32 last week and the team threw a small party.,non-sensitive,none
Aditya turned 58 last week and the team threw a small party.,non-sensitive,none
Chris ran 15 kilometers this morning before work.,non-sensitive,none
Send the signed NDA to karan.johnson@yahoo.com before Boston office opens tomorrow.,sensitive,pii
We sold 2320 units of the new product this quarter.,non-sensitive,none
Passport number for Daniel Khan: X7078727.,sensitive,pii
"Card details for the refund: 4084 8736 4477 3486, expiry 08/27.",sensitive,financial
Room 273 is booked for the Cognizant workshop at 12 pm.,non-sensitive,none
Adobe's new mobile app received positive reviews from early users.,non-sensitive,none
"Temporary login password: cDLmzED8Pp, must be changed on first use.",sensitive,credentials
Bank account number 2415248112 linked to Aditya Rao's reimbursement.,sensitive,financial
"Internal only: Swiggy's Q3 layoffs will affect 142 employees, do not share.",sensitive,confidential
"During lunch we discussed 347 kind of files 800 kind of files 07 plus bottles 51 kind of tea 92, not sure if that's important.",sensitive,hidden_aadhaar
Top secret: Oracle is planning to acquire a competitor in Kolkata next quarter.,sensitive,confidential
"Login credentials — username: kavya1, password: Zje3ydqzS0.",sensitive,credentials
Bank account number 2648685300 linked to Fatima Patel's reimbursement.,sensitive,financial
Sara joined the TCS engineering team as an intern this summer.,non-sensitive,none
"During lunch we discussed 600 sort of donuts 620 like bottles 82 also tea 48 sort of chairs 61, not sure if that's important.",sensitive,hidden_aadhaar
The new Mumbai branch office will open its doors early next month.,non-sensitive,none
Send the signed NDA to mark.miller@company.com before Jaipur office opens tomorrow.,sensitive,pii
"Emergency contact for Kavya Chowdhury: +1 776-723-4391, next of kin details attached.",sensitive,pii
"Temporary login password: wCnApI$PXZ, must be changed on first use.",sensitive,credentials
The meeting got pushed from 6 to 12 pm.,non-sensitive,none
The new Chicago branch office will open its doors early next month.,non-sensitive,none
"Login credentials — username: meera66, password: gA2$q!yfHw.",sensitive,credentials
Meera scored 90 out of 100 in the Flipkart quiz.,non-sensitive,none
"Server access IP restricted to 69.68.213.118, do not share externally.",sensitive,credentials
Michael ran 7 kilometers this morning before work.,non-sensitive,none
"Card details for the refund: 4382 3420 2579 5970, expiry 08/27.",sensitive,financial
Flipkart announced a new sustainability initiative to reduce carbon emissions.,non-sensitive,none
"Internal only: Netflix's Q3 layoffs will affect 285 employees, do not share.",sensitive,confidential
We sold 1796 units of the new product this quarter.,non-sensitive,none
"Rohit Wilson lives at 207 Ring Road, Hyderabad, please update the delivery records.",sensitive,pii
Passport number for Fatima Brown: X9360550.,sensitive,pii
"During lunch we discussed 05540 also tea 24 like coffee 745 kind of tea 36, not sure if that's important.",sensitive,hidden_aadhaar
The library added several new books recommended by the Netflix book club.,non-sensitive,none
There are 16 people signed up for the Singapore conference so far.,non-sensitive,none
There are 55 people signed up for the Austin conference so far.,non-sensitive,none
"The weather in Toronto has been pleasant this week, perfect for outdoor events.",non-sensitive,none
"Over the phone William said 18 basically pizza 130 kind of sandwiches 15179 umm noodles 71 plus burgers 58 kind of noodles 89, for the online order.",sensitive,hidden_credit_card
I bought 35 books and 20 tea today.,non-sensitive,none
The recipe needs 1 cups of flour and 1 eggs.,non-sensitive,none
Olivia joined the Zoho engineering team as an intern this summer.,non-sensitive,none
Parking near the Mumbai office will be limited due to ongoing construction.,non-sensitive,none
"Emergency contact for Vikram Bhat: +1 486-510-9859, next of kin details attached.",sensitive,pii
Parking near the Delhi office will be limited due to ongoing construction.,non-sensitive,none
Nina scored 74 out of 100 in the Google quiz.,non-sensitive,none
"Internal only: EY's Q3 layoffs will affect 219 employees, do not share.",sensitive,confidential
The meeting got pushed from 1 to 6 pm.,non-sensitive,none
The library added several new books recommended by the Google book club.,non-sensitive,none
The recipe needs 3 cups of flour and 3 eggs.,non-sensitive,none
HCL is hosting a public webinar on industry best practices next week.,non-sensitive,none
"Please do not share: Fatima's home address is 812 5th Avenue, New York.",sensitive,pii
"Please do not share: John's home address is 880 Elm Drive, Ahmedabad.",sensitive,pii
Our office in Hyderabad will be closed for the public holiday on Monday.,non-sensitive,none
Team building activities are planned for the upcoming offsite in Pune.,non-sensitive,none
Laura ran 6 kilometers this morning before work.,non-sensitive,none
"For the TCS form Kavya mentioned 825 and folders 510 kind of bottles 03 umm chairs 87 sort of pizza 64, not sure if that's important.",sensitive,hidden_aadhaar
Passport number for John Kapoor: X5109868.,sensitive,pii
Grace joined the EY engineering team as an intern this summer.,non-sensitive,none
Our office in Bangalore will be closed for the public holiday on Monday.,non-sensitive,none
The Deloitte team in Dallas celebrated another successful product launch this week.,non-sensitive,none
"Rohit Nair lives at 317 Elm Drive, Toronto, please update the delivery records.",sensitive,pii
There are 25 people signed up for the Dallas conference so far.,non-sensitive,none
Room 326 is booked for the TCS workshop at 7 pm.,non-sensitive,none
"Please do not share: David's home address is 641 Elm Drive, Bangalore.",sensitive,pii
"Card details for the refund: 4445 4736 7227 4274, expiry 08/27.",sensitive,financial
The Infosys team in Kolkata celebrated another successful product launch this week.,non-sensitive,none
There are 20 people signed up for the Hyderabad conference so far.,non-sensitive,none
API key for the production environment: FAKEKEY_SscDlkrCaqx9vJupc94tnwla.,sensitive,credentials
Passport number for Nina Clark: X2122958.,sensitive,pii
"I jotted down 81 then books 50 like folders 36 kind of bottles 12 sort of pens 83 like coffee 38, not sure if that's important.",sensitive,hidden_aadhaar
"Michael Chowdhury's SSN on file is 476-45-5959, needed for payroll processing.",sensitive,pii
Room 195 is booked for the Flipkart workshop at 3 pm.,non-sensitive,none
"Vikram Rao's SSN on file is 143-18-3831, needed for payroll processing.",sensitive,pii
"Please do not share: Meera's home address is 977 Lakeview Street, Hyderabad.",sensitive,pii
"Card details for the refund: 4993 3299 9170 5630, expiry 08/27.",sensitive,financial
The cafeteria menu at Wipro has been updated with more vegetarian options.,non-sensitive,none
"Grace whispered 800361 kind of apples 79 also pens 04 basically coffee 23 plus sandwiches 03 umm folders 33, for the online order.",sensitive,hidden_credit_card
"Sneha whispered 1457 sort of apples 06 then icecream 46443 and then files 97 like noodles 924, for the online order.",sensitive,hidden_credit_card
Sneha joined the Netflix engineering team as an intern this summer.,non-sensitive,none
Aadhaar number submitted for verification: 4450 5430 0351.,sensitive,pii
Mark organized a fun trivia night for the whole department.,non-sensitive,none
"James Nair lives at 136 5th Avenue, New York, please update the delivery records.",sensitive,pii
The SAP team in Singapore celebrated another successful product launch this week.,non-sensitive,none
"Mark Bose lives at 51 Broadway, London, please update the delivery records.",sensitive,pii
Kavya joined the Flipkart engineering team as an intern this summer.,non-sensitive,none
Divya Rao's credit score and account balance are attached in the report.,sensitive,financial
"Over the phone Laura said 0528735 then folders 385 then bottles 26 plus apples 72 and then sandwiches 55, for the online order.",sensitive,hidden_credit_card
Bank account number 8871064313 linked to Priya Menon's reimbursement.,sensitive,financial
"Internal only: Deloitte's Q3 layoffs will affect 99 employees, do not share.",sensitive,confidential
Anjali Kumar's credit score and account balance are attached in the report.,sensitive,financial
API key for the production environment: FAKEKEY_RlPhDBuqOSg5ApYzTTOkq2BE.,sensitive,credentials
Confidential: Laura Singh's salary was increased to reflect the Zoho promotion.,sensitive,financial
Confidential: Kavya Ali's salary was increased to reflect the EY promotion.,sensitive,financial
"Internal only: Amazon's Q3 layoffs will affect 186 employees, do not share.",sensitive,confidential
There are 56 people signed up for the Berlin conference so far.,non-sensitive,none
John ran 14 kilometers this morning before work.,non-sensitive,none
The IBM team in Hyderabad celebrated another successful product launch this week.,non-sensitive,none
"Login credentials — username: robert15, password: uP47ULvjfb.",sensitive,credentials
"Meera casually said 891 then tacos 079 basically pens 90 then pizza 8168, not sure if that's important.",sensitive,hidden_aadhaar
Passport number for Laura Roy: X4159777.,sensitive,pii
"Vikram Menon lives at 344 Maple Court, Mumbai, please update the delivery records.",sensitive,pii
Aadhaar number submitted for verification: 5265 7304 6020.,sensitive,pii
"The weather in Delhi has been pleasant this week, perfect for outdoor events.",non-sensitive,none
Top secret: EY is planning to acquire a competitor in New York next quarter.,sensitive,confidential
"During lunch we discussed 10 also sandwiches 93 and then chairs 03 also apples 25 kind of pizza 85 also books 24, not sure if that's important.",sensitive,hidden_aadhaar
"Internal only: Oracle's Q3 layoffs will affect 99 employees, do not share.",sensitive,confidential
Team building activities are planned for the upcoming offsite in Bangalore.,non-sensitive,none
There are 41 people signed up for the Seattle conference so far.,non-sensitive,none
The Wipro team in Bangalore celebrated another successful product launch this week.,non-sensitive,none
Room 180 is booked for the Zoho workshop at 6 pm.,non-sensitive,none
"Contact number for Sneha: +1 307-987-8466, please keep this private.",sensitive,pii
Riya joined the Netflix engineering team as an intern this summer.,non-sensitive,none
"The weather in Kolkata has been pleasant this week, perfect for outdoor events.",non-sensitive,none
"Login credentials — username: arjun86, password: fzb0Idiawk.",sensitive,credentials
Bank account number 7773345739 linked to Robert Verma's reimbursement.,sensitive,financial
The meeting got pushed from 12 to 6 pm.,non-sensitive,none
Sneha Menon's credit score and account balance are attached in the report.,sensitive,financial
David Taylor's credit score and account balance are attached in the report.,sensitive,financial
The bus number 120 was delayed by 41 minutes today.,non-sensitive,none
"For the EY form Nina mentioned 404 umm files 198 and books 98 and then pens 00 kind of icecream 14, not sure if that's important.",sensitive,hidden_aadhaar
There are 59 people signed up for the New York conference so far.,non-sensitive,none
We sold 188 units of the new product this quarter.,non-sensitive,none
"Login credentials — username: john58, password: FnCttn6kfa.",sensitive,credentials
Confidential: David Bhat's salary was increased to reflect the Google promotion.,sensitive,financial
Room 344 is booked for the Cognizant workshop at 10 pm.,non-sensitive,none
The Amazon team in Jaipur celebrated another successful product launch this week.,non-sensitive,none
The bus number 303 was delayed by 37 minutes today.,non-sensitive,none
Daniel Taylor's credit score and account balance are attached in the report.,sensitive,financial
Top secret: Infosys is planning to acquire a competitor in Sydney next quarter.,sensitive,confidential
Amazon is hosting a public webinar on industry best practices next week.,non-sensitive,none
"During lunch we discussed 12 then burgers 76 and then chairs 84 also pizza 90 then mangoes 45 umm bottles 17, not sure if that's important.",sensitive,hidden_aadhaar
Top secret: IBM is planning to acquire a competitor in Bangalore next quarter.,sensitive,confidential
Room 475 is booked for the TCS workshop at 1 pm.,non-sensitive,none
Olivia turned 43 last week and the team threw a small party.,non-sensitive,none
I bought 15 folders and 3 burgers today.,non-sensitive,none
Daniel turned 28 last week and the team threw a small party.,non-sensitive,none
Employees are encouraged to recycle more as part of the Tesla green initiative.,non-sensitive,none
The meeting got pushed from 11 to 3 pm.,non-sensitive,none
Karan ran 13 kilometers this morning before work.,non-sensitive,none
We sold 2546 units of the new product this quarter.,non-sensitive,none
Passport number for Aditya Reddy: X1277529.,sensitive,pii
"Contact number for Rohit: +1 614-442-1773, please keep this private.",sensitive,pii
The Oracle team in Sydney celebrated another successful product launch this week.,non-sensitive,none
"Over the phone Grace said 414374 and then bottles 46 kind of tea 88 sort of waffles 3851 also waffles 95, for the online order.",sensitive,hidden_credit_card
Aditya turned 56 last week and the team threw a small party.,non-sensitive,none
"I noted down 4419877 also waffles 268 kind of coffee 056 umm mangoes 048, for the online order.",sensitive,hidden_credit_card
I bought 16 books and 6 tacos today.,non-sensitive,none
The recipe needs 1 cups of flour and 2 eggs.,non-sensitive,none
The meeting got pushed from 9 to 3 pm.,non-sensitive,none
Top secret: Amazon is planning to acquire a competitor in Toronto next quarter.,sensitive,confidential
"For the Uber form Kavya mentioned 8472 and then pens 37 kind of tacos 91 and books 57 also tea 74, not sure if that's important.",sensitive,hidden_aadhaar
"Please do not share: Thomas's home address is 509 MG Road, Austin.",sensitive,pii
Thomas turned 59 last week and the team threw a small party.,non-sensitive,none
Robert Anderson's credit score and account balance are attached in the report.,sensitive,financial
"For the Tesla form Mark mentioned 485369 then icecream 94 kind of bottles 23 kind of files 40, not sure if that's important.",sensitive,hidden_aadhaar
Daniel gave a great presentation on market trends during today's meeting.,non-sensitive,none
"Olivia whispered 85 kind of tea 448 and then burgers 9898 and apples 94 then waffles 217 also waffles 64, for the online order.",sensitive,hidden_credit_card
"Fatima read out the numbers 2580 sort of pens 8516 kind of donuts 12 plus pens 13 and then chairs 84 also tickets 25, for the online order.",sensitive,hidden_credit_card
"Internal only: Infosys's Q3 layoffs will affect 112 employees, do not share.",sensitive,confidential
The meeting got pushed from 6 to 3 pm.,non-sensitive,none
Room 305 is booked for the Swiggy workshop at 8 pm.,non-sensitive,none
Employees are encouraged to recycle more as part of the Wipro green initiative.,non-sensitive,none
The meeting got pushed from 5 to 1 pm.,non-sensitive,none
Quarterly all-hands meeting is scheduled for next Friday at the Pune office.,non-sensitive,none
Passport number for Sara Singh: X9680421.,sensitive,pii
I bought 27 boxes and 8 sandwiches today.,non-sensitive,none
Please reach Thomas Chowdhury at thomas.chowdhury@company.com for the Intel onboarding paperwork.,sensitive,pii
Confidential: Meera Gupta's salary was increased to reflect the Swiggy promotion.,sensitive,financial
IBM published a blog post about its latest open-source contributions.,non-sensitive,none
The bus number 792 was delayed by 14 minutes today.,non-sensitive,none
SAP announced a new sustainability initiative to reduce carbon emissions.,non-sensitive,none
Bank account number 2945825698 linked to Laura Joshi's reimbursement.,sensitive,financial
"Kavya Miller lives at 623 Residency Road, Bangalore, please update the delivery records.",sensitive,pii
Chris ran 20 kilometers this morning before work.,non-sensitive,none
Send the signed NDA to meera.patel@hotmail.com before Chennai office opens tomorrow.,sensitive,pii
Confidential: Priya Davis's salary was increased to reflect the EY promotion.,sensitive,financial
"Emergency contact for John Patel: +1 762-349-7530, next of kin details attached.",sensitive,pii
I bought 9 pens and 19 donuts today.,non-sensitive,none
"I jotted down 650 kind of files 23 also books 85 sort of donuts 535 basically sandwiches 16, not sure if that's important.",sensitive,hidden_aadhaar
The bus number 35 was delayed by 39 minutes today.,non-sensitive,none
The new Dallas branch office will open its doors early next month.,non-sensitive,none
The bus number 970 was delayed by 23 minutes today.,non-sensitive,none
"For the Google form William mentioned 72 sort of noodles 00 and then icecream 44 umm burgers 96 kind of bottles 49 basically bottles 97, not sure if that's important.",sensitive,hidden_aadhaar
The Paytm team in Ahmedabad celebrated another successful product launch this week.,non-sensitive,none
Top secret: Amazon is planning to acquire a competitor in Singapore next quarter.,sensitive,confidential
Parking near the Ahmedabad office will be limited due to ongoing construction.,non-sensitive,none
"Internal only: Tesla's Q3 layoffs will affect 208 employees, do not share.",sensitive,confidential
Robert ran 2 kilometers this morning before work.,non-sensitive,none
Neha ran 16 kilometers this morning before work.,non-sensitive,none
"For the Deloitte form Emily mentioned 061 umm waffles 04 also mangoes 72 also boxes 997 and sandwiches 77, not sure if that's important.",sensitive,hidden_aadhaar
The Accenture team in Chicago celebrated another successful product launch this week.,non-sensitive,none
Parking near the Chicago office will be limited due to ongoing construction.,non-sensitive,none
"William casually said 5865 basically files 37 sort of coffee 80 basically tacos 58 also donuts 58, not sure if that's important.",sensitive,hidden_aadhaar
The meeting got pushed from 3 to 4 pm.,non-sensitive,none
"Emily casually said 96 plus burgers 65 basically books 76 then books 33 basically burgers 27 kind of noodles 73, not sure if that's important.",sensitive,hidden_aadhaar
"Card details for the refund: 4569 2011 6340 9492, expiry 08/27.",sensitive,financial
John scored 87 out of 100 in the Meta quiz.,non-sensitive,none
Arjun scored 75 out of 100 in the Microsoft quiz.,non-sensitive,none
Passport number for John Gupta: X1677159.,sensitive,pii
"I noted down 3784 basically icecream 948 umm burgers 776 basically bottles 072944, for the online order.",sensitive,hidden_credit_card
Passport number for Fatima Verma: X8704616.,sensitive,pii
Confidential: Michael Bose's salary was increased to reflect the Microsoft promotion.,sensitive,financial
Deloitte published a blog post about its latest open-source contributions.,non-sensitive,none
Aadhaar number submitted for verification: 5233 5191 7724.,sensitive,pii
Confidential: Aditya Bose's salary was increased to reflect the Cognizant promotion.,sensitive,financial
"Over the phone Anjali said 54 and files 6000680 also donuts 19243 and apples 98, for the online order.",sensitive,hidden_credit_card
Please reach Emily Clark at emily.clark@company.com for the Amazon onboarding paperwork.,sensitive,pii
Aadhaar number submitted for verification: 7488 8453 3101.,sensitive,pii
Meera Smith's credit score and account balance are attached in the report.,sensitive,financial
There are 19 people signed up for the Berlin conference so far.,non-sensitive,none
"I jotted down 88 basically tacos 01 and then folders 13 kind of pizza 20 then pens 11 kind of folders 44, not sure if that's important.",sensitive,hidden_aadhaar
Mark joined the Deloitte engineering team as an intern this summer.,non-sensitive,none
"The weather in Dallas has been pleasant this week, perfect for outdoor events.",non-sensitive,none
The bus number 477 was delayed by 19 minutes today.,non-sensitive,none
We sold 2189 units of the new product this quarter.,non-sensitive,none
Passport number for Emily Verma: X3751894.,sensitive,pii
API key for the production environment: FAKEKEY_u3uDxYYMfGmzWkpAePcEJIuk.,sensitive,credentials
Aadhaar number submitted for verification: 4628 3518 5797.,sensitive,pii
We sold 1724 units of the new product this quarter.,non-sensitive,none
"Server access IP restricted to 60.35.133.22, do not share externally.",sensitive,credentials
"Temporary login password: 4qBQwYNZ8Y, must be changed on first use.",sensitive,credentials
"Aditya Johnson's SSN on file is 162-99-6072, needed for payroll processing.",sensitive,pii
Confidential: Arjun Lewis's salary was increased to reflect the Zoho promotion.,sensitive,financial
Passport number for Olivia Singh: X6828919.,sensitive,pii
Room 313 is booked for the TCS workshop at 9 pm.,non-sensitive,none
Passport number for John Sharma: X6095891.,sensitive,pii
William turned 24 last week and the team threw a small party.,non-sensitive,none
"Over the phone Divya said 75278 also folders 585 and mangoes 26 umm tea 87 and then pizza 45 plus pens 82, for the online order.",sensitive,hidden_credit_card
"Anjali read out the numbers 441329473 and then pens 073 plus tacos 23 like books 23, for the online order.",sensitive,hidden_credit_card
Grace ran 4 kilometers this morning before work.,non-sensitive,none
"Emergency contact for Robert Lewis: +1 280-690-6536, next of kin details attached.",sensitive,pii
"Emergency contact for Divya Verma: +1 260-423-5709, next of kin details attached.",sensitive,pii
Room 143 is booked for the Zoho workshop at 12 pm.,non-sensitive,none
Team building activities are planned for the upcoming offsite in Dallas.,non-sensitive,none
"Kavya whispered 514 then files 261962523 sort of tacos 59 like tickets 79, for the online order.",sensitive,hidden_credit_card
"Emergency contact for Divya Joshi: +1 432-827-1746, next of kin details attached.",sensitive,pii
We sold 2483 units of the new product this quarter.,non-sensitive,none
Vikram turned 48 last week and the team threw a small party.,non-sensitive,none
Confidential: Robert Chowdhury's salary was increased to reflect the SAP promotion.,sensitive,financial
API key for the production environment: FAKEKEY_k5acdIbzlpkd6XgaNJQ8mjAm.,sensitive,credentials
We sold 1504 units of the new product this quarter.,non-sensitive,none
"Sara Verma lives at 325 Lakeview Street, Chicago, please update the delivery records.",sensitive,pii
"Karan whispered 15 like tea 2477 umm coffee 770 basically donuts 306 sort of books 74 kind of waffles 88, for the online order.",sensitive,hidden_credit_card
Bank account number 4775305071 linked to Thomas Sharma's reimbursement.,sensitive,financial
"Internal only: Infosys's Q3 layoffs will affect 81 employees, do not share.",sensitive,confidential
"Emergency contact for Neha Singh: +1 820-790-6486, next of kin details attached.",sensitive,pii
We sold 1883 units of the new product this quarter.,non-sensitive,none
Quarterly all-hands meeting is scheduled for next Friday at the Bangalore office.,non-sensitive,none
API key for the production environment: FAKEKEY_lYTDk16x0Udbyo49uRzRcFIE.,sensitive,credentials
"Contact number for Meera: +1 744-500-5518, please keep this private.",sensitive,pii
"Grace read out the numbers 974528 like burgers 96515 also books 43 sort of tacos 606, for the online order.",sensitive,hidden_credit_card
There are 61 people signed up for the Bangalore conference so far.,non-sensitive,none
API key for the production environment: FAKEKEY_TLeAanJenGGQhW1pQhRs7gmR.,sensitive,credentials
"Server access IP restricted to 90.14.162.53, do not share externally.",sensitive,credentials
The library added several new books recommended by the Infosys book club.,non-sensitive,none
"The weather in Chicago has been pleasant this week, perfect for outdoor events.",non-sensitive,none
"Olivia Kumar lives at 804 Brigade Road, Chicago, please update the delivery records.",sensitive,pii
"Please do not share: John's home address is 384 Park Avenue, Sydney.",sensitive,pii
There are 6 people signed up for the Boston conference so far.,non-sensitive,none
"Neha casually said 250 sort of burgers 312 basically folders 78 kind of apples 8321, not sure if that's important.",sensitive,hidden_aadhaar
"During lunch we discussed 994 and sandwiches 94013 sort of waffles 28 also pizza 50, not sure if that's important.",sensitive,hidden_aadhaar
"Anjali Wilson's SSN on file is 783-61-2367, needed for payroll processing.",sensitive,pii
Thomas Kapoor's credit score and account balance are attached in the report.,sensitive,financial
The Oracle team in Chennai celebrated another successful product launch this week.,non-sensitive,none
"Please do not share: Aditya's home address is 158 Residency Road, Sydney.",sensitive,pii
"Thomas whispered 1148 plus waffles 3793 and files 216 like mangoes 17 umm bottles 853, for the online order.",sensitive,hidden_credit_card
"I noted down 98082323 also tickets 68 sort of tickets 31 kind of tacos 75 and waffles 81, for the online order.",sensitive,hidden_credit_card
William scored 77 out of 100 in the SAP quiz.,non-sensitive,none
Nina organized a fun trivia night for the whole department.,non-sensitive,none
Room 238 is booked for the Adobe workshop at 3 pm.,non-sensitive,none
Employees are encouraged to recycle more as part of the Netflix green initiative.,non-sensitive,none
I bought 50 apples and 2 noodles today.,non-sensitive,none
Netflix published a blog post about its latest open-source contributions.,non-sensitive,none
Confidential: Fatima Taylor's salary was increased to reflect the Meta promotion.,sensitive,financial
"Card details for the refund: 4198 3156 9058 5716, expiry 08/27.",sensitive,financial
"Temporary login password: uYbawnF6GT, must be changed on first use.",sensitive,credentials
"Divya read out the numbers 8925 and books 73727 also tickets 235 and tickets 98 then tickets 37, for the online order.",sensitive,hidden_credit_card
"I jotted down 82 and apples 09 and then files 76 kind of apples 31 kind of donuts 93 and files 72, not sure if that's important.",sensitive,hidden_aadhaar
The Microsoft team in Ahmedabad celebrated another successful product launch this week.,non-sensitive,none
"I jotted down 35 like folders 81 like tea 45 sort of files 61 sort of chairs 74 and tacos 77, not sure if that's important.",sensitive,hidden_aadhaar
Nina joined the Tesla engineering team as an intern this summer.,non-sensitive,none
Divya scored 65 out of 100 in the Amazon quiz.,non-sensitive,none
API key for the production environment: FAKEKEY_4FK67R4TdzQYzYORX8v0yz8f.,sensitive,credentials
"Server access IP restricted to 14.57.185.14, do not share externally.",sensitive,credentials
We sold 226 units of the new product this quarter.,non-sensitive,none
Sara ran 7 kilometers this morning before work.,non-sensitive,none
We sold 631 units of the new product this quarter.,non-sensitive,none
Room 305 is booked for the Tesla workshop at 3 pm.,non-sensitive,none
"Emergency contact for Thomas Davis: +1 484-788-6900, next of kin details attached.",sensitive,pii
"Priya Reddy lives at 11 Church Street, Mumbai, please update the delivery records.",sensitive,pii
"I noted down 3245 like bottles 101 and mangoes 15 sort of pens 91 umm folders 97 then noodles 003, for the online order.",sensitive,hidden_credit_card
"Sneha Smith lives at 243 Residency Road, New York, please update the delivery records.",sensitive,pii
James joined the IBM engineering team as an intern this summer.,non-sensitive,none
Room 345 is booked for the IBM workshop at 4 pm.,non-sensitive,none
The Google team in Ahmedabad celebrated another successful product launch this week.,non-sensitive,none
Aadhaar number submitted for verification: 4025 4187 0089.,sensitive,pii
"Emergency contact for Aditya Miller: +1 881-503-8631, next of kin details attached.",sensitive,pii
I bought 30 folders and 3 coffee today.,non-sensitive,none
Chris ran 17 kilometers this morning before work.,non-sensitive,none
The bus number 742 was delayed by 11 minutes today.,non-sensitive,none
We sold 222 units of the new product this quarter.,non-sensitive,none
"Over the phone Riya said 424377 umm noodles 6707 kind of burgers 77 like waffles 24 plus tickets 94, for the online order.",sensitive,hidden_credit_card
Thomas turned 25 last week and the team threw a small party.,non-sensitive,none
Please reach Emily Verma at emily.verma@outlook.com for the IBM onboarding paperwork.,sensitive,pii
Confidential: Chris Malhotra's salary was increased to reflect the Cognizant promotion.,sensitive,financial
"Temporary login password: Ahx3pgrj@x, must be changed on first use.",sensitive,credentials
Top secret: Google is planning to acquire a competitor in Delhi next quarter.,sensitive,confidential
Room 281 is booked for the Flipkart workshop at 10 pm.,non-sensitive,none
Sara turned 25 last week and the team threw a small party.,non-sensitive,none
"Login credentials — username: robert14, password: 3@Y#NBDRzr.",sensitive,credentials
"Login credentials — username: thomas9, password: 42G@HYnD#u.",sensitive,credentials
Passport number for James Rao: X7872438.,sensitive,pii
Laura scored 96 out of 100 in the Adobe quiz.,non-sensitive,none
The EY team in New York celebrated another successful product launch this week.,non-sensitive,none
Bank account number 3522191857 linked to Arjun Kumar's reimbursement.,sensitive,financial
"Michael Khan's SSN on file is 371-44-1648, needed for payroll processing.",sensitive,pii
Riya turned 27 last week and the team threw a small party.,non-sensitive,none
"Internal only: Cognizant's Q3 layoffs will affect 52 employees, do not share.",sensitive,confidential
The recipe needs 3 cups of flour and 2 eggs.,non-sensitive,none
The bus number 179 was delayed by 12 minutes today.,non-sensitive,none
The bus number 180 was delayed by 17 minutes today.,non-sensitive,none
Zoho announced a new sustainability initiative to reduce carbon emissions.,non-sensitive,none
"Emergency contact for Neha Reddy: +1 269-448-7386, next of kin details attached.",sensitive,pii
Rohit ran 5 kilometers this morning before work.,non-sensitive,none
Robert organized a fun trivia night for the whole department.,non-sensitive,none
"Sara read out the numbers 64725 then folders 18952 umm coffee 80 like waffles 2452, for the online order.",sensitive,hidden_credit_card
Passport number for Karan Kapoor: X2695958.,sensitive,pii
Bank account number 7699506809 linked to Aditya Smith's reimbursement.,sensitive,financial
The bus number 431 was delayed by 29 minutes today.,non-sensitive,none
We sold 975 units of the new product this quarter.,non-sensitive,none
The recipe needs 4 cups of flour and 3 eggs.,non-sensitive,none
Bank account number 6074892193 linked to Divya Clark's reimbursement.,sensitive,financial
Laura turned 27 last week and the team threw a small party.,non-sensitive,none
There are 76 people signed up for the Singapore conference so far.,non-sensitive,none
"Please do not share: Daniel's home address is 517 Park Avenue, Kolkata.",sensitive,pii
I bought 4 pens and 7 burgers today.,non-sensitive,none
"Temporary login password: XHCabM6JOF, must be changed on first use.",sensitive,credentials
There are 51 people signed up for the Jaipur conference so far.,non-sensitive,none
"Temporary login password: yBylxLUTZt, must be changed on first use.",sensitive,credentials
"I jotted down 98 plus coffee 45 like bottles 14 like files 46 like mangoes 06 also waffles 46, not sure if that's important.",sensitive,hidden_aadhaar
"Server access IP restricted to 186.193.11.20, do not share externally.",sensitive,credentials
John turned 36 last week and the team threw a small party.,non-sensitive,none
Divya ran 3 kilometers this morning before work.,non-sensitive,none
I bought 19 chairs and 9 burgers today.,non-sensitive,none
"Login credentials — username: michael18, password: ##o$n6Yvy8.",sensitive,credentials
Kavya scored 75 out of 100 in the Oracle quiz.,non-sensitive,none
"For the Intel form Rohit mentioned 58 sort of burgers 52 and then tea 403 like icecream 29331, not sure if that's important.",sensitive,hidden_aadhaar
API key for the production environment: FAKEKEY_desar27i79wxIUlixYVqxxkH.,sensitive,credentials
"Temporary login password: x7eNWVQ4vn, must be changed on first use.",sensitive,credentials
API key for the production environment: FAKEKEY_QoaF1LlqsajAIxNKu8iS2G8N.,sensitive,credentials
Passport number for David Patel: X8954941.,sensitive,pii
"The weather in Boston has been pleasant this week, perfect for outdoor events.",non-sensitive,none
Meera Nair's credit score and account balance are attached in the report.,sensitive,financial
"Sara whispered 6437 plus donuts 8841 and then pizza 93 kind of files 83 and then pizza 02 then apples 52, for the online order.",sensitive,hidden_credit_card
The bus number 423 was delayed by 7 minutes today.,non-sensitive,none
Thomas Chowdhury's credit score and account balance are attached in the report.,sensitive,financial
Rohit gave a great presentation on market trends during today's meeting.,non-sensitive,none
"John whispered 8656 then books 174 kind of tea 893 and tacos 92 and burgers 06 plus mangoes 87, for the online order.",sensitive,hidden_credit_card
The meeting got pushed from 1 to 8 pm.,non-sensitive,none
Bank account number 5575334543 linked to Riya Malhotra's reimbursement.,sensitive,financial
Anjali turned 48 last week and the team threw a small party.,non-sensitive,none
I bought 2 mangoes and 8 waffles today.,non-sensitive,none
Divya ran 15 kilometers this morning before work.,non-sensitive,none
"John casually said 216 basically chairs 034 umm files 02 basically bottles 28 basically sandwiches 42, not sure if that's important.",sensitive,hidden_aadhaar
Accenture published a blog post about its latest open-source contributions.,non-sensitive,none
Robert turned 23 last week and the team threw a small party.,non-sensitive,none
The library added several new books recommended by the IBM book club.,non-sensitive,none
We sold 1813 units of the new product this quarter.,non-sensitive,none
"Server access IP restricted to 53.45.79.229, do not share externally.",sensitive,credentials
Top secret: SAP is planning to acquire a competitor in Dallas next quarter.,sensitive,confidential
Aadhaar number submitted for verification: 3076 4449 4957.,sensitive,pii
Robert scored 96 out of 100 in the Paytm quiz.,non-sensitive,none
Emily scored 65 out of 100 in the Oracle quiz.,non-sensitive,none
The library added several new books recommended by the Capgemini book club.,non-sensitive,none
The Infosys team in Berlin celebrated another successful product launch this week.,non-sensitive,none
Top secret: HCL is planning to acquire a competitor in Toronto next quarter.,sensitive,confidential
We sold 4244 units of the new product this quarter.,non-sensitive,none
"Sneha casually said 47 umm pizza 326 plus bottles 997 plus pens 40 like bottles 57, not sure if that's important.",sensitive,hidden_aadhaar
Parking near the Boston office will be limited due to ongoing construction.,non-sensitive,none
"I jotted down 33 then tickets 04 kind of mangoes 47 umm burgers 20 kind of icecream 90 like sandwiches 79, not sure if that's important.",sensitive,hidden_aadhaar
Sara turned 31 last week and the team threw a small party.,non-sensitive,none
Michael ran 12 kilometers this morning before work.,non-sensitive,none
"Temporary login password: 8$cVR06AxY, must be changed on first use.",sensitive,credentials
Please reach Vikram Malhotra at vikram.malhotra@hotmail.com for the HCL onboarding paperwork.,sensitive,pii
"Michael casually said 18 umm noodles 22 plus icecream 72 and then noodles 055802, not sure if that's important.",sensitive,hidden_aadhaar
Room 168 is booked for the Amazon workshop at 7 pm.,non-sensitive,none
"Kavya casually said 90 sort of files 56 then tea 08 sort of tickets 72 like pens 51 then waffles 94, not sure if that's important.",sensitive,hidden_aadhaar
Olivia turned 32 last week and the team threw a small party.,non-sensitive,none
Aadhaar number submitted for verification: 9484 0012 9815.,sensitive,pii
"I jotted down 63 umm files 28 and then tickets 64 and waffles 12 plus waffles 28 umm noodles 28, not sure if that's important.",sensitive,hidden_aadhaar
"I jotted down 75 plus folders 68 umm burgers 85 sort of bottles 57 sort of tickets 79 kind of mangoes 66, not sure if that's important.",sensitive,hidden_aadhaar
API key for the production environment: FAKEKEY_BHEmcTvcfrwhFjGH4l9YOgHN.,sensitive,credentials
"Sneha whispered 6121 like chairs 5466 umm bottles 08 kind of books 30 plus waffles 58 and books 90, for the online order.",sensitive,hidden_credit_card
"Neha read out the numbers 180325 and then bottles 08544 then burgers 71 umm coffee 338, for the online order.",sensitive,hidden_credit_card
Chris scored 95 out of 100 in the Adobe quiz.,non-sensitive,none
The meeting got pushed from 5 to 6 pm.,non-sensitive,none
Top secret: Wipro is planning to acquire a competitor in Dallas next quarter.,sensitive,confidential
"Contact number for Nina: +1 614-240-3654, please keep this private.",sensitive,pii
API key for the production environment: FAKEKEY_4zLW9cCdNppock7L2lua530D.,sensitive,credentials
Karan joined the Uber engineering team as an intern this summer.,non-sensitive,none
The bus number 195 was delayed by 34 minutes today.,non-sensitive,none
"Please do not share: James's home address is 677 Ring Road, Chennai.",sensitive,pii
The bus number 462 was delayed by 45 minutes today.,non-sensitive,none
The Chennai marathon route will pass right by our office building this year.,non-sensitive,none
Send the signed NDA to kavya.taylor@outlook.com before Singapore office opens tomorrow.,sensitive,pii
Employees are encouraged to recycle more as part of the EY green initiative.,non-sensitive,none
"I noted down 98143 umm boxes 354 then coffee 06 umm chairs 35 and then noodles 41 and then donuts 87, for the online order.",sensitive,hidden_credit_card
I bought 35 pens and 11 coffee today.,non-sensitive,none
Olivia joined the Tesla engineering team as an intern this summer.,non-sensitive,none
"Meera casually said 29 sort of folders 466 and books 43 sort of sandwiches 06 kind of pens 441, not sure if that's important.",sensitive,hidden_aadhaar
Fatima ran 11 kilometers this morning before work.,non-sensitive,none
There are 77 people signed up for the Austin conference so far.,non-sensitive,none
"David Joshi lives at 355 Broadway, Delhi, please update the delivery records.",sensitive,pii
I bought 34 mangoes and 6 icecream today.,non-sensitive,none
Send the signed NDA to david.joshi@outlook.com before Kolkata office opens tomorrow.,sensitive,pii
We sold 595 units of the new product this quarter.,non-sensitive,none
The meeting got pushed from 9 to 2 pm.,non-sensitive,none
"David Clark's SSN on file is 460-99-7282, needed for payroll processing.",sensitive,pii
The library added several new books recommended by the EY book club.,non-sensitive,none
Top secret: Microsoft is planning to acquire a competitor in Jaipur next quarter.,sensitive,confidential
"Server access IP restricted to 143.117.89.51, do not share externally.",sensitive,credentials
Please reach Kavya Chowdhury at kavya.chowdhury@gmail.com for the Oracle onboarding paperwork.,sensitive,pii
"Login credentials — username: emily58, password: 77OowoFqAr.",sensitive,credentials
Our office in Ahmedabad will be closed for the public holiday on Monday.,non-sensitive,none
Nina ran 17 kilometers this morning before work.,non-sensitive,none
The Oracle team in Chicago celebrated another successful product launch this week.,non-sensitive,none
"The weather in Ahmedabad has been pleasant this week, perfect for outdoor events.",non-sensitive,none
Room 426 is booked for the Zoho workshop at 2 pm.,non-sensitive,none
Room 244 is booked for the Accenture workshop at 7 pm.,non-sensitive,none
Aadhaar number submitted for verification: 3718 5525 4900.,sensitive,pii
Vikram joined the Wipro engineering team as an intern this summer.,non-sensitive,none
We sold 4785 units of the new product this quarter.,non-sensitive,none
Olivia turned 41 last week and the team threw a small party.,non-sensitive,none
Room 357 is booked for the TCS workshop at 3 pm.,non-sensitive,none
"Sneha read out the numbers 13 and noodles 4188728626 sort of burgers 18 umm noodles 77, for the online order.",sensitive,hidden_credit_card
Team building activities are planned for the upcoming offsite in Toronto.,non-sensitive,none
The library added several new books recommended by the TCS book club.,non-sensitive,none
Bank account number 5682756852 linked to Daniel Miller's reimbursement.,sensitive,financial
I bought 26 pens and 16 tacos today.,non-sensitive,none
"I jotted down 116340 also tea 38 and sandwiches 66 like sandwiches 80, not sure if that's important.",sensitive,hidden_aadhaar
Meera turned 27 last week and the team threw a small party.,non-sensitive,none
There are 74 people signed up for the Toronto conference so far.,non-sensitive,none
Emily ran 5 kilometers this morning before work.,non-sensitive,none
The bus number 868 was delayed by 8 minutes today.,non-sensitive,none
I bought 14 books and 4 waffles today.,non-sensitive,none
Room 445 is booked for the TCS workshop at 8 pm.,non-sensitive,none
Kavya turned 27 last week and the team threw a small party.,non-sensitive,none
"Login credentials — username: mark83, password: E#yIMttFPS.",sensitive,credentials
"I noted down 275 plus folders 27 sort of apples 85100 umm icecream 74 sort of coffee 89 sort of tickets 62, for the online order.",sensitive,hidden_credit_card
"William Joshi lives at 926 Oak Lane, Singapore, please update the delivery records.",sensitive,pii
The meeting got pushed from 3 to 6 pm.,non-sensitive,none
"Daniel read out the numbers 9256213 basically tacos 85260 sort of tacos 44 basically waffles 86, for the online order.",sensitive,hidden_credit_card
I bought 19 pens and 2 donuts today.,non-sensitive,none
Robert ran 3 kilometers this morning before work.,non-sensitive,none
Our office in Boston will be closed for the public holiday on Monday.,non-sensitive,none
"Rohit Taylor lives at 984 Lakeview Street, London, please update the delivery records.",sensitive,pii
"Temporary login password: uPyXQEW88a, must be changed on first use.",sensitive,credentials
The meeting got pushed from 4 to 6 pm.,non-sensitive,none
"Contact number for Fatima: +1 790-799-7499, please keep this private.",sensitive,pii
"Arjun casually said 60 then donuts 54 plus tea 68 and donuts 00 kind of mangoes 67 like pizza 53, not sure if that's important.",sensitive,hidden_aadhaar
Top secret: Meta is planning to acquire a competitor in London next quarter.,sensitive,confidential
Aadhaar number submitted for verification: 0877 0427 7650.,sensitive,pii
Rohit joined the TCS engineering team as an intern this summer.,non-sensitive,none
Priya Smith's credit score and account balance are attached in the report.,sensitive,financial
We sold 3249 units of the new product this quarter.,non-sensitive,none
"Login credentials — username: arjun88, password: YYZYn9Zhyi.",sensitive,credentials
"Robert read out the numbers 187518 and mangoes 75 like files 68 also files 06 like tea 88 umm folders 06, for the online order.",sensitive,hidden_credit_card
"I jotted down 711 and tacos 499 basically apples 01 also tickets 2023, not sure if that's important.",sensitive,hidden_aadhaar
"For the Uber form Vikram mentioned 5949 kind of chairs 39 and folders 20 also pens 92 kind of bottles 43, not sure if that's important.",sensitive,hidden_aadhaar
Emily Kumar's credit score and account balance are attached in the report.,sensitive,financial
The recipe needs 5 cups of flour and 2 eggs.,non-sensitive,none
"Internal only: TCS's Q3 layoffs will affect 288 employees, do not share.",sensitive,confidential
Please reach Chris Brown at chris.brown@gmail.com for the Oracle onboarding paperwork.,sensitive,pii
The bus number 464 was delayed by 9 minutes today.,non-sensitive,none
Meta is hosting a public webinar on industry best practices next week.,non-sensitive,none
"I jotted down 0623 plus folders 96 basically folders 92 then waffles 30 kind of donuts 58, not sure if that's important.",sensitive,hidden_aadhaar
"Nina casually said 9831 basically tacos 154 and then noodles 18 and pens 817, not sure if that's important.",sensitive,hidden_aadhaar
Send the signed NDA to laura.taylor@outlook.com before London office opens tomorrow.,sensitive,pii
The library added several new books recommended by the Meta book club.,non-sensitive,none
The EY team in Pune celebrated another successful product launch this week.,non-sensitive,none
Quarterly all-hands meeting is scheduled for next Friday at the Kolkata office.,non-sensitive,none
"Please do not share: Aditya's home address is 771 Lakeview Street, Austin.",sensitive,pii
"Internal only: Deloitte's Q3 layoffs will affect 253 employees, do not share.",sensitive,confidential
Send the signed NDA to william.anderson@company.com before Hyderabad office opens tomorrow.,sensitive,pii
"Please do not share: Riya's home address is 399 Elm Drive, Pune.",sensitive,pii
The new Chennai branch office will open its doors early next month.,non-sensitive,none
Fatima joined the Netflix engineering team as an intern this summer.,non-sensitive,none
The cafeteria menu at IBM has been updated with more vegetarian options.,non-sensitive,none
"Login credentials — username: sara72, password: @njEVqk088.",sensitive,credentials
"I noted down 0096334219 and then tea 75 and then coffee 83 also chairs 53, for the online order.",sensitive,hidden_credit_card
Our office in Toronto will be closed for the public holiday on Monday.,non-sensitive,none
Aditya ran 12 kilometers this morning before work.,non-sensitive,none
"Contact number for Mark: +1 998-992-8193, please keep this private.",sensitive,pii
There are 39 people signed up for the Kolkata conference so far.,non-sensitive,none
John organized a fun trivia night for the whole department.,non-sensitive,none
The Google team in Singapore celebrated another successful product launch this week.,non-sensitive,none
There are 75 people signed up for the Toronto conference so far.,non-sensitive,none
James Ali's credit score and account balance are attached in the report.,sensitive,financial
"Over the phone Chris said 71 kind of donuts 44083 kind of sandwiches 00718 basically burgers 39 and files 13, for the online order.",sensitive,hidden_credit_card
"During lunch we discussed 89567 also burgers 68 basically mangoes 368 kind of coffee 27, not sure if that's important.",sensitive,hidden_aadhaar
"Internal only: Accenture's Q3 layoffs will affect 36 employees, do not share.",sensitive,confidential
The Wipro team in Pune celebrated another successful product launch this week.,non-sensitive,none
"Over the phone Riya said 5308917 then tea 135 then noodles 87 sort of boxes 0393, for the online order.",sensitive,hidden_credit_card
I bought 8 tickets and 12 tea today.,non-sensitive,none
Sara Smith's credit score and account balance are attached in the report.,sensitive,financial
Our office in New York will be closed for the public holiday on Monday.,non-sensitive,none
"Login credentials — username: priya79, password: rK!gqv81RK.",sensitive,credentials
TCS published a blog post about its latest open-source contributions.,non-sensitive,none
Riya turned 35 last week and the team threw a small party.,non-sensitive,none
"For the Zoho form Chris mentioned 80 umm apples 812 kind of pizza 92169 also files 90, not sure if that's important.",sensitive,hidden_aadhaar
"For the EY form Laura mentioned 336259 also sandwiches 82 also files 59 and then files 94, not sure if that's important.",sensitive,hidden_aadhaar
I bought 35 chairs and 16 coffee today.,non-sensitive,none
"During lunch we discussed 026 plus sandwiches 24438 like tickets 08 then pens 88, not sure if that's important.",sensitive,hidden_aadhaar
Kavya ran 19 kilometers this morning before work.,non-sensitive,none
"Contact number for Chris: +1 580-744-6397, please keep this private.",sensitive,pii
Please reach Michael Nair at michael.nair@outlook.com for the Netflix onboarding paperwork.,sensitive,pii
"Internal only: Oracle's Q3 layoffs will affect 251 employees, do not share.",sensitive,confidential
"William Menon lives at 532 Maple Court, New York, please update the delivery records.",sensitive,pii
"Temporary login password: BdGBL#EPH1, must be changed on first use.",sensitive,credentials
Tesla's new mobile app received positive reviews from early users.,non-sensitive,none
The cafeteria menu at EY has been updated with more vegetarian options.,non-sensitive,none
"Card details for the refund: 4006 1760 4111 8783, expiry 08/27.",sensitive,financial
The Deloitte team in Sydney celebrated another successful product launch this week.,non-sensitive,none
William turned 39 last week and the team threw a small party.,non-sensitive,none
I bought 22 folders and 7 tacos today.,non-sensitive,none
"Temporary login password: vqiy8CsT07, must be changed on first use.",sensitive,credentials
The library added several new books recommended by the Microsoft book club.,non-sensitive,none
"Login credentials — username: karan20, password: I10FtdILQv.",sensitive,credentials
The new Singapore branch office will open its doors early next month.,non-sensitive,none
The Meta team in Sydney celebrated another successful product launch this week.,non-sensitive,none
"I noted down 8346 sort of burgers 77 then pizza 9962 sort of bottles 55 and then tea 18 then burgers 26, for the online order.",sensitive,hidden_credit_card
Passport number for Riya Johnson: X2577577.,sensitive,pii
Rohit joined the Cognizant engineering team as an intern this summer.,non-sensitive,none
Sara turned 58 last week and the team threw a small party.,non-sensitive,none
"Contact number for Vikram: +1 394-814-4181, please keep this private.",sensitive,pii
"Emergency contact for Grace Johnson: +1 999-505-8235, next of kin details attached.",sensitive,pii
"Priya casually said 75 and coffee 52 and then tacos 00 plus tickets 48 umm noodles 55 also pens 59, not sure if that's important.",sensitive,hidden_aadhaar
"Temporary login password: jDnDCm4oP3, must be changed on first use.",sensitive,credentials
Confidential: Chris Gupta's salary was increased to reflect the Flipkart promotion.,sensitive,financial
We sold 1924 units of the new product this quarter.,non-sensitive,none
"Over the phone John said 072 also boxes 15 kind of noodles 67 then mangoes 014547963, for the online order.",sensitive,hidden_credit_card
I bought 46 folders and 11 noodles today.,non-sensitive,none
We sold 3799 units of the new product this quarter.,non-sensitive,none
"Emergency contact for Aditya Reddy: +1 201-653-2414, next of kin details attached.",sensitive,pii
The IBM team in Delhi celebrated another successful product launch this week.,non-sensitive,none
Parking near the Pune office will be limited due to ongoing construction.,non-sensitive,none
I bought 47 books and 20 waffles today.,non-sensitive,none
The Oracle team in Toronto celebrated another successful product launch this week.,non-sensitive,none
The cafeteria menu at Adobe has been updated with more vegetarian options.,non-sensitive,none
"For the Flipkart form Olivia mentioned 45 kind of mangoes 20 plus tea 62 umm apples 78 basically mangoes 96 and then mangoes 25, not sure if that's important.",sensitive,hidden_aadhaar
"I jotted down 15 also boxes 79 plus bottles 16 like burgers 11 plus chairs 51 also pizza 39, not sure if that's important.",sensitive,hidden_aadhaar
"For the Amazon form Karan mentioned 324 basically burgers 19 umm donuts 73 sort of pens 37131, not sure if that's important.",sensitive,hidden_aadhaar
Sneha organized a fun trivia night for the whole department.,non-sensitive,none
"John read out the numbers 491702471 and chairs 23 also burgers 73 and mangoes 241, for the online order.",sensitive,hidden_credit_card
Confidential: Grace Kapoor's salary was increased to reflect the Microsoft promotion.,sensitive,financial
"Login credentials — username: laura87, password: PhEE5G84Xo.",sensitive,credentials
"Vikram read out the numbers 378 kind of noodles 3210 like burgers 424 also noodles 52 kind of icecream 47 and then sandwiches 40, for the online order.",sensitive,hidden_credit_card
The Oracle team in Hyderabad celebrated another successful product launch this week.,non-sensitive,none
API key for the production environment: FAKEKEY_sO7v9vHKonJY0ns1ZKITboXl.,sensitive,credentials
Daniel turned 44 last week and the team threw a small party.,non-sensitive,none
"For the Google form Laura mentioned 1488 and boxes 89 sort of noodles 86 plus files 81 then coffee 14, not sure if that's important.",sensitive,hidden_aadhaar
Send the signed NDA to grace.menon@hotmail.com before Delhi office opens tomorrow.,sensitive,pii
There are 20 people signed up for the Ahmedabad conference so far.,non-sensitive,none
Aditya joined the Cognizant engineering team as an intern this summer.,non-sensitive,none
There are 42 people signed up for the Boston conference so far.,non-sensitive,none
"Temporary login password: i48qmb10F#, must be changed on first use.",sensitive,credentials
Top secret: SAP is planning to acquire a competitor in London next quarter.,sensitive,confidential
"Please do not share: Thomas's home address is 846 Church Street, Jaipur.",sensitive,pii
The new Berlin branch office will open its doors early next month.,non-sensitive,none
Bank account number 4202563402 linked to Nina Iyer's reimbursement.,sensitive,financial
Olivia gave a great presentation on market trends during today's meeting.,non-sensitive,none
I bought 40 apples and 17 noodles today.,non-sensitive,none
The meeting got pushed from 1 to 12 pm.,non-sensitive,none
Aadhaar number submitted for verification: 3341 9759 2651.,sensitive,pii
Employees are encouraged to recycle more as part of the HCL green initiative.,non-sensitive,none
Kavya Ali's credit score and account balance are attached in the report.,sensitive,financial
Divya joined the Capgemini engineering team as an intern this summer.,non-sensitive,none
Vikram joined the Infosys engineering team as an intern this summer.,non-sensitive,none
Passport number for Daniel Kapoor: X2351205.,sensitive,pii
I bought 31 tickets and 14 burgers today.,non-sensitive,none
Bank account number 9592295293 linked to Kavya Sharma's reimbursement.,sensitive,financial
Grace Roy's credit score and account balance are attached in the report.,sensitive,financial
The meeting got pushed from 9 to 11 pm.,non-sensitive,none
There are 44 people signed up for the Delhi conference so far.,non-sensitive,none
The Capgemini team in Chennai celebrated another successful product launch this week.,non-sensitive,none
I bought 21 files and 16 donuts today.,non-sensitive,none
"Vikram whispered 8626 kind of chairs 96 kind of bottles 66 sort of pizza 0651 basically pens 80 and coffee 29, for the online order.",sensitive,hidden_credit_card
The meeting got pushed from 7 to 5 pm.,non-sensitive,none
The bus number 274 was delayed by 26 minutes today.,non-sensitive,none
The new London branch office will open its doors early next month.,non-sensitive,none
Please reach William Khan at william.khan@gmail.com for the HCL onboarding paperwork.,sensitive,pii
"Contact number for Vikram: +1 845-778-2746, please keep this private.",sensitive,pii
"I jotted down 442 and tea 86 sort of burgers 64 sort of tickets 016 sort of mangoes 55, not sure if that's important.",sensitive,hidden_aadhaar
The meeting got pushed from 4 to 12 pm.,non-sensitive,none
Thomas ran 3 kilometers this morning before work.,non-sensitive,none
"Login credentials — username: michael94, password: qj5OmAJUip.",sensitive,credentials
Top secret: Microsoft is planning to acquire a competitor in Hyderabad next quarter.,sensitive,confidential
Employees are encouraged to recycle more as part of the Microsoft green initiative.,non-sensitive,none
Confidential: Grace Joshi's salary was increased to reflect the Microsoft promotion.,sensitive,financial
Bank account number 8873069849 linked to Chris Khan's reimbursement.,sensitive,financial
"Nina Gupta's SSN on file is 882-81-6140, needed for payroll processing.",sensitive,pii
"Emily casually said 900955 sort of burgers 42 kind of apples 78 and chairs 47, not sure if that's important.",sensitive,hidden_aadhaar
"Thomas whispered 118 also waffles 514 then coffee 21 and then apples 390 sort of mangoes 955 umm bottles 85, for the online order.",sensitive,hidden_credit_card
Quarterly all-hands meeting is scheduled for next Friday at the Chicago office.,non-sensitive,none
"Nina Bose lives at 933 Lakeview Street, Pune, please update the delivery records.",sensitive,pii
Please reach Grace Taylor at grace.taylor@company.com for the Meta onboarding paperwork.,sensitive,pii
"Daniel Sharma's SSN on file is 832-81-3825, needed for payroll processing.",sensitive,pii
The bus number 208 was delayed by 33 minutes today.,non-sensitive,none
"Kavya whispered 1186473 and pens 61 umm files 59 kind of folders 93 plus apples 790, for the online order.",sensitive,hidden_credit_card
"Riya Taylor's SSN on file is 358-95-9414, needed for payroll processing.",sensitive,pii
"Contact number for Anjali: +1 554-645-3098, please keep this private.",sensitive,pii
There are 52 people signed up for the Hyderabad conference so far.,non-sensitive,none
Michael ran 6 kilometers this morning before work.,non-sensitive,none
We sold 4048 units of the new product this quarter.,non-sensitive,none
We sold 4746 units of the new product this quarter.,non-sensitive,none
Olivia turned 44 last week and the team threw a small party.,non-sensitive,none
"Arjun casually said 68 umm noodles 356 plus noodles 568 and then coffee 87 plus bottles 88, not sure if that's important.",sensitive,hidden_aadhaar
The Pune marathon route will pass right by our office building this year.,non-sensitive,none
Bank account number 6550765464 linked to James Kapoor's reimbursement.,sensitive,financial
We sold 2778 units of the new product this quarter.,non-sensitive,none
"Temporary login password: lIFXZ53Ncq, must be changed on first use.",sensitive,credentials
Room 495 is booked for the Amazon workshop at 1 pm.,non-sensitive,none
Confidential: Nina Malhotra's salary was increased to reflect the Uber promotion.,sensitive,financial
Bank account number 3609699819 linked to Thomas Kumar's reimbursement.,sensitive,financial
TCS announced a new sustainability initiative to reduce carbon emissions.,non-sensitive,none
Olivia ran 18 kilometers this morning before work.,non-sensitive,none
Passport number for Chris Singh: X1949897.,sensitive,pii
API key for the production environment: FAKEKEY_opovbzrsdaHAt6RYJyMUtWVK.,sensitive,credentials
"Sara casually said 825 and icecream 688 and then boxes 23 also sandwiches 70 also bottles 20, not sure if that's important.",sensitive,hidden_aadhaar
The Capgemini team in Pune celebrated another successful product launch this week.,non-sensitive,none
"Over the phone Olivia said 343 then books 605 plus folders 4757 umm mangoes 74 sort of bottles 80 like donuts 03, for the online order.",sensitive,hidden_credit_card
"I jotted down 63 kind of boxes 61 umm apples 35 sort of bottles 32 and then coffee 72 like waffles 27, not sure if that's important.",sensitive,hidden_aadhaar
Mark joined the Cognizant engineering team as an intern this summer.,non-sensitive,none
Send the signed NDA to emily.chowdhury@company.com before Berlin office opens tomorrow.,sensitive,pii
Bank account number 3580103945 linked to Robert Anderson's reimbursement.,sensitive,financial
Netflix is hosting a public webinar on industry best practices next week.,non-sensitive,none
"Internal only: Zoho's Q3 layoffs will affect 114 employees, do not share.",sensitive,confidential
Olivia organized a fun trivia night for the whole department.,non-sensitive,none
Our office in Kolkata will be closed for the public holiday on Monday.,non-sensitive,none
"For the IBM form Emily mentioned 31 sort of boxes 66 umm waffles 5528 kind of coffee 71 plus bottles 96, not sure if that's important.",sensitive,hidden_aadhaar
"During lunch we discussed 64 umm burgers 37 kind of tickets 73 umm tea 01 plus apples 90 and tacos 01, not sure if that's important.",sensitive,hidden_aadhaar
Our office in Berlin will be closed for the public holiday on Monday.,non-sensitive,none
The bus number 304 was delayed by 27 minutes today.,non-sensitive,none
Olivia joined the Deloitte engineering team as an intern this summer.,non-sensitive,none
Rohit joined the Capgemini engineering team as an intern this summer.,non-sensitive,none
"Please do not share: Emily's home address is 533 Park Avenue, Chicago.",sensitive,pii
API key for the production environment: FAKEKEY_Pm4oWy2xpP5Eq3adgQy1xpsb.,sensitive,credentials
"Server access IP restricted to 186.181.215.231, do not share externally.",sensitive,credentials
Mark scored 70 out of 100 in the HCL quiz.,non-sensitive,none
Thomas joined the Intel engineering team as an intern this summer.,non-sensitive,none
Room 107 is booked for the Capgemini workshop at 11 pm.,non-sensitive,none
"Temporary login password: WIrqU6$Arw, must be changed on first use.",sensitive,credentials
"Temporary login password: NA9RqVT$CJ, must be changed on first use.",sensitive,credentials
Passport number for Aditya Nair: X1077837.,sensitive,pii
Employees are encouraged to recycle more as part of the Zoho green initiative.,non-sensitive,none
Laura scored 61 out of 100 in the Capgemini quiz.,non-sensitive,none
Laura turned 21 last week and the team threw a small party.,non-sensitive,none
We sold 5000 units of the new product this quarter.,non-sensitive,none
Send the signed NDA to neha.malhotra@yahoo.com before Singapore office opens tomorrow.,sensitive,pii
Top secret: Netflix is planning to acquire a competitor in Seattle next quarter.,sensitive,confidential
There are 69 people signed up for the Pune conference so far.,non-sensitive,none
Thomas scored 88 out of 100 in the TCS quiz.,non-sensitive,none
"Over the phone Grace said 55999 also donuts 81420 also icecream 40 sort of coffee 97 kind of noodles 00, for the online order.",sensitive,hidden_credit_card
Thomas joined the Accenture engineering team as an intern this summer.,non-sensitive,none
"Grace Wilson's SSN on file is 760-32-4051, needed for payroll processing.",sensitive,pii
The meeting got pushed from 7 to 3 pm.,non-sensitive,none
"Card details for the refund: 4522 8932 8940 3367, expiry 08/27.",sensitive,financial
Emily joined the Adobe engineering team as an intern this summer.,non-sensitive,none
William ran 17 kilometers this morning before work.,non-sensitive,none
Team building activities are planned for the upcoming offsite in Hyderabad.,non-sensitive,none
"Server access IP restricted to 53.65.14.39, do not share externally.",sensitive,credentials
"Emergency contact for Mark Joshi: +1 873-558-3554, next of kin details attached.",sensitive,pii
There are 72 people signed up for the Chicago conference so far.,non-sensitive,none
We sold 4637 units of the new product this quarter.,non-sensitive,none
"Login credentials — username: meera65, password: 4wca!7E56w.",sensitive,credentials
We sold 368 units of the new product this quarter.,non-sensitive,none
Confidential: Aditya Kapoor's salary was increased to reflect the Paytm promotion.,sensitive,financial
The new Kolkata branch office will open its doors early next month.,non-sensitive,none
Please reach Emily Roy at emily.roy@company.com for the Wipro onboarding paperwork.,sensitive,pii
"I jotted down 475 kind of pizza 163 then apples 63 sort of coffee 22 like boxes 32, not sure if that's important.",sensitive,hidden_aadhaar
Laura organized a fun trivia night for the whole department.,non-sensitive,none
"Daniel Lewis's SSN on file is 683-16-8711, needed for payroll processing.",sensitive,pii
"During lunch we discussed 22 also sandwiches 7408 kind of donuts 61 then noodles 53 plus burgers 90, not sure if that's important.",sensitive,hidden_aadhaar
The bus number 294 was delayed by 27 minutes today.,non-sensitive,none
Aadhaar number submitted for verification: 7049 8774 4492.,sensitive,pii
The bus number 407 was delayed by 36 minutes today.,non-sensitive,none
"Internal only: Swiggy's Q3 layoffs will affect 220 employees, do not share.",sensitive,confidential
Parking near the Chennai office will be limited due to ongoing construction.,non-sensitive,none
"Contact number for Priya: +1 408-461-1626, please keep this private.",sensitive,pii
William ran 18 kilometers this morning before work.,non-sensitive,none
"Over the phone Sara said 17096 sort of mangoes 456 and apples 60 and then noodles 93 kind of chairs 06 like files 90, for the online order.",sensitive,hidden_credit_card
Neha joined the Wipro engineering team as an intern this summer.,non-sensitive,none
There are 17 people signed up for the Dallas conference so far.,non-sensitive,none
The meeting got pushed from 12 to 7 pm.,non-sensitive,none
Please reach Anjali Clark at anjali.clark@gmail.com for the Meta onboarding paperwork.,sensitive,pii
James ran 14 kilometers this morning before work.,non-sensitive,none
"The weather in Singapore has been pleasant this week, perfect for outdoor events.",non-sensitive,none
We sold 3620 units of the new product this quarter.,non-sensitive,none
The meeting got pushed from 6 to 11 pm.,non-sensitive,none
"Priya whispered 66853 and mangoes 541 and sandwiches 80 sort of chairs 16 sort of chairs 83 umm tea 26, for the online order.",sensitive,hidden_credit_card
Send the signed NDA to emily.davis@yahoo.com before Ahmedabad office opens tomorrow.,sensitive,pii
Please reach Michael Iyer at michael.iyer@company.com for the Cognizant onboarding paperwork.,sensitive,pii
"Contact number for James: +1 286-827-7256, please keep this private.",sensitive,pii
Karan ran 4 kilometers this morning before work.,non-sensitive,none
Our office in Chennai will be closed for the public holiday on Monday.,non-sensitive,none
Michael Verma's credit score and account balance are attached in the report.,sensitive,financial
Lunch and learn sessions will resume next Tuesday in the main conference room.,non-sensitive,none
Aadhaar number submitted for verification: 2037 5140 3518.,sensitive,pii
"I noted down 356 plus pizza 309 then donuts 998 like bottles 9390 kind of apples 835, for the online order.",sensitive,hidden_credit_card
"Please do not share: John's home address is 636 Park Avenue, Ahmedabad.",sensitive,pii
"I jotted down 7966 sort of mangoes 97 then tea 93 umm noodles 5257, not sure if that's important.",sensitive,hidden_aadhaar
"Internal only: Infosys's Q3 layoffs will affect 158 employees, do not share.",sensitive,confidential
Employees are encouraged to recycle more as part of the Paytm green initiative.,non-sensitive,none
Passport number for Thomas Davis: X3808776.,sensitive,pii
Room 106 is booked for the Accenture workshop at 1 pm.,non-sensitive,none
"Contact number for Mark: +1 326-680-2250, please keep this private.",sensitive,pii
Arjun Smith's credit score and account balance are attached in the report.,sensitive,financial
We sold 2453 units of the new product this quarter.,non-sensitive,none
Olivia joined the Microsoft engineering team as an intern this summer.,non-sensitive,none
Rohit scored 66 out of 100 in the Adobe quiz.,non-sensitive,none
I bought 45 bottles and 20 tacos today.,non-sensitive,none
Quarterly all-hands meeting is scheduled for next Friday at the Berlin office.,non-sensitive,none
Room 229 is booked for the SAP workshop at 7 pm.,non-sensitive,none
Anjali joined the Cognizant engineering team as an intern this summer.,non-sensitive,none
Aadhaar number submitted for verification: 2465 2048 2336.,sensitive,pii
"Temporary login password: mt0w$tOC3X, must be changed on first use.",sensitive,credentials
"James Chowdhury lives at 305 Lakeview Street, Singapore, please update the delivery records.",sensitive,pii
There are 40 people signed up for the Mumbai conference so far.,non-sensitive,none
"Temporary login password: X7ebZ3C#L7, must be changed on first use.",sensitive,credentials
"I jotted down 049 and then sandwiches 34 plus bottles 505 kind of tickets 2371, not sure if that's important.",sensitive,hidden_aadhaar
Confidential: Karan Kumar's salary was increased to reflect the Infosys promotion.,sensitive,financial
The bus number 542 was delayed by 32 minutes today.,non-sensitive,none
Fatima scored 66 out of 100 in the TCS quiz.,non-sensitive,none
"Emily casually said 1749 and then chairs 17 basically tacos 46 then noodles 5585, not sure if that's important.",sensitive,hidden_aadhaar
Nina Roy's credit score and account balance are attached in the report.,sensitive,financial
Emily ran 17 kilometers this morning before work.,non-sensitive,none
The Tesla team in Hyderabad celebrated another successful product launch this week.,non-sensitive,none
Aadhaar number submitted for verification: 4979 1818 1235.,sensitive,pii
We sold 3922 units of the new product this quarter.,non-sensitive,none
Bank account number 7003698476 linked to Laura Rao's reimbursement.,sensitive,financial
Deloitte's new mobile app received positive reviews from early users.,non-sensitive,none
The bus number 781 was delayed by 12 minutes today.,non-sensitive,none
Vikram joined the IBM engineering team as an intern this summer.,non-sensitive,none
We sold 4169 units of the new product this quarter.,non-sensitive,none
"Card details for the refund: 4124 2991 7646 3243, expiry 08/27.",sensitive,financial
API key for the production environment: FAKEKEY_gysA5kd1UsjObCZGvGiCaY18.,sensitive,credentials
Emily joined the Microsoft engineering team as an intern this summer.,non-sensitive,none
"During lunch we discussed 90 and then donuts 91 and then sandwiches 32 like icecream 61 sort of apples 95 plus tickets 94, not sure if that's important.",sensitive,hidden_aadhaar
"For the Tesla form Neha mentioned 679022 basically mangoes 35 also apples 36 like tea 56, not sure if that's important.",sensitive,hidden_aadhaar
Rohit organized a fun trivia night for the whole department.,non-sensitive,none
"Temporary login password: 4#!mcz4en3, must be changed on first use.",sensitive,credentials
The meeting got pushed from 4 to 10 pm.,non-sensitive,none
David turned 34 last week and the team threw a small party.,non-sensitive,none
"Login credentials — username: james94, password: AK!xzNYRcm.",sensitive,credentials
"Over the phone Sneha said 496 also chairs 9295 sort of bottles 199 sort of sandwiches 1501 sort of files 59, for the online order.",sensitive,hidden_credit_card
"Server access IP restricted to 64.27.125.241, do not share externally.",sensitive,credentials
Sneha joined the Flipkart engineering team as an intern this summer.,non-sensitive,none
Aadhaar number submitted for verification: 5030 9921 8450.,sensitive,pii
"I noted down 5741004 like boxes 25578 and boxes 44 plus waffles 16, for the online order.",sensitive,hidden_credit_card
The bus number 719 was delayed by 14 minutes today.,non-sensitive,none
There are 68 people signed up for the Boston conference so far.,non-sensitive,none
The HCL team in Austin celebrated another successful product launch this week.,non-sensitive,none
"Card details for the refund: 4962 4207 1192 5748, expiry 08/27.",sensitive,financial
Please reach William Reddy at william.reddy@yahoo.com for the Meta onboarding paperwork.,sensitive,pii
There are 80 people signed up for the Sydney conference so far.,non-sensitive,none
Room 260 is booked for the Intel workshop at 1 pm.,non-sensitive,none
William organized a fun trivia night for the whole department.,non-sensitive,none
The bus number 816 was delayed by 22 minutes today.,non-sensitive,none
"Robert casually said 88 like noodles 53 basically tea 03 then boxes 89 then icecream 76 basically pizza 02, not sure if that's important.",sensitive,hidden_aadhaar
"Priya whispered 34 umm chairs 64 umm tickets 7173048 sort of folders 710 like icecream 36, for the online order.",sensitive,hidden_credit_card
"Emergency contact for Karan Patel: +1 665-675-5685, next of kin details attached.",sensitive,pii
The bus number 42 was delayed by 32 minutes today.,non-sensitive,none
The cafeteria menu at Tesla has been updated with more vegetarian options.,non-sensitive,none
"Server access IP restricted to 137.113.150.206, do not share externally.",sensitive,credentials
Top secret: Accenture is planning to acquire a competitor in London next quarter.,sensitive,confidential
John gave a great presentation on market trends during today's meeting.,non-sensitive,none
"Contact number for Thomas: +1 494-986-3212, please keep this private.",sensitive,pii
Our office in London will be closed for the public holiday on Monday.,non-sensitive,none
Neha gave a great presentation on market trends during today's meeting.,non-sensitive,none
I bought 44 tickets and 5 burgers today.,non-sensitive,none
There are 31 people signed up for the New York conference so far.,non-sensitive,none
We sold 3238 units of the new product this quarter.,non-sensitive,none
Quarterly all-hands meeting is scheduled for next Friday at the Mumbai office.,non-sensitive,none
Riya ran 19 kilometers this morning before work.,non-sensitive,none
I bought 47 bottles and 15 icecream today.,non-sensitive,none
I bought 10 pens and 20 burgers today.,non-sensitive,none
Room 278 is booked for the Deloitte workshop at 2 pm.,non-sensitive,none
Aadhaar number submitted for verification: 6084 9501 5351.,sensitive,pii
"Kavya Roy's SSN on file is 381-60-6943, needed for payroll processing.",sensitive,pii
"Over the phone Vikram said 1583009 plus tacos 098 sort of books 08 plus apples 70 like tickets 40, for the online order.",sensitive,hidden_credit_card
Confidential: Neha Reddy's salary was increased to reflect the HCL promotion.,sensitive,financial
The meeting got pushed from 6 to 5 pm.,non-sensitive,none
"For the Intel form Thomas mentioned 00 basically noodles 28 then burgers 64 umm apples 20 plus donuts 39 kind of tea 88, not sure if that's important.",sensitive,hidden_aadhaar
"I jotted down 0649 basically noodles 35 kind of books 466 plus boxes 112, not sure if that's important.",sensitive,hidden_aadhaar
The cafeteria menu at Deloitte has been updated with more vegetarian options.,non-sensitive,none
HCL's new mobile app received positive reviews from early users.,non-sensitive,none
"John Taylor's SSN on file is 859-93-8413, needed for payroll processing.",sensitive,pii
We sold 1977 units of the new product this quarter.,non-sensitive,none
There are 37 people signed up for the Kolkata conference so far.,non-sensitive,none
Arjun Brown's credit score and account balance are attached in the report.,sensitive,financial
Aadhaar number submitted for verification: 9762 0556 5825.,sensitive,pii
Parking near the Kolkata office will be limited due to ongoing construction.,non-sensitive,none
"Chris Lewis lives at 549 Brigade Road, Seattle, please update the delivery records.",sensitive,pii
I bought 36 folders and 7 pizza today.,non-sensitive,none
Emily joined the Deloitte engineering team as an intern this summer.,non-sensitive,none
The SAP team in New York celebrated another successful product launch this week.,non-sensitive,none
Confidential: Chris Kapoor's salary was increased to reflect the Tesla promotion.,sensitive,financial
Capgemini published a blog post about its latest open-source contributions.,non-sensitive,none
"Fatima Lewis lives at 117 Oak Lane, Delhi, please update the delivery records.",sensitive,pii
I bought 14 boxes and 17 burgers today.,non-sensitive,none
"For the Uber form James mentioned 65628 like bottles 125 sort of boxes 92 and then chairs 47, not sure if that's important.",sensitive,hidden_aadhaar
Confidential: Emily Smith's salary was increased to reflect the Meta promotion.,sensitive,financial
Our office in Seattle will be closed for the public holiday on Monday.,non-sensitive,none
Netflix's new mobile app received positive reviews from early users.,non-sensitive,none
Please reach Nina Sharma at nina.sharma@hotmail.com for the Meta onboarding paperwork.,sensitive,pii
"Priya casually said 64 sort of icecream 11 umm tickets 50 basically boxes 20 then noodles 08 basically sandwiches 48, not sure if that's important.",sensitive,hidden_aadhaar
Send the signed NDA to robert.bose@company.com before New York office opens tomorrow.,sensitive,pii
Emily scored 92 out of 100 in the Zoho quiz.,non-sensitive,none
Chris turned 42 last week and the team threw a small party.,non-sensitive,none
"Contact number for Olivia: +1 801-504-7274, please keep this private.",sensitive,pii
Room 194 is booked for the TCS workshop at 12 pm.,non-sensitive,none
Fatima gave a great presentation on market trends during today's meeting.,non-sensitive,none
Top secret: Accenture is planning to acquire a competitor in Berlin next quarter.,sensitive,confidential
Emily gave a great presentation on market trends during today's meeting.,non-sensitive,none
The meeting got pushed from 2 to 1 pm.,non-sensitive,none
"Please do not share: Divya's home address is 268 Church Street, Hyderabad.",sensitive,pii
The meeting got pushed from 6 to 1 pm.,non-sensitive,none
"Aditya read out the numbers 3479 plus burgers 26 umm tacos 1671 and then waffles 97 also tickets 15 basically pizza 86, for the online order.",sensitive,hidden_credit_card
"Please do not share: Olivia's home address is 764 Ring Road, Toronto.",sensitive,pii
Robert turned 44 last week and the team threw a small party.,non-sensitive,none
"Contact number for David: +1 241-235-5354, please keep this private.",sensitive,pii
Michael scored 82 out of 100 in the Adobe quiz.,non-sensitive,none
Room 284 is booked for the Capgemini workshop at 10 pm.,non-sensitive,none
The bus number 809 was delayed by 27 minutes today.,non-sensitive,none
The bus number 513 was delayed by 23 minutes today.,non-sensitive,none
Sara ran 1 kilometers this morning before work.,non-sensitive,none
The library added several new books recommended by the Cognizant book club.,non-sensitive,none
Please reach Karan Taylor at karan.taylor@company.com for the Zoho onboarding paperwork.,sensitive,pii
The Netflix team in Hyderabad celebrated another successful product launch this week.,non-sensitive,none
The meeting got pushed from 11 to 6 pm.,non-sensitive,none
"Thomas casually said 2668 and waffles 546 umm tea 576 plus noodles 27, not sure if that's important.",sensitive,hidden_aadhaar
We sold 3725 units of the new product this quarter.,non-sensitive,none
The meeting got pushed from 10 to 7 pm.,non-sensitive,none
Aadhaar number submitted for verification: 8280 7214 6635.,sensitive,pii
Kavya gave a great presentation on market trends during today's meeting.,non-sensitive,none
Daniel ran 13 kilometers this morning before work.,non-sensitive,none
We sold 4142 units of the new product this quarter.,non-sensitive,none
Please reach Nina Singh at nina.singh@gmail.com for the Swiggy onboarding paperwork.,sensitive,pii
Aditya ran 2 kilometers this morning before work.,non-sensitive,none
We sold 1943 units of the new product this quarter.,non-sensitive,none
"William read out the numbers 285 and then tea 00 kind of waffles 53 basically bottles 64 also pens 2589 umm chairs 232, for the online order.",sensitive,hidden_credit_card
William turned 47 last week and the team threw a small party.,non-sensitive,none
Team building activities are planned for the upcoming offsite in Sydney.,non-sensitive,none
We sold 3256 units of the new product this quarter.,non-sensitive,none
"Nina read out the numbers 9072 kind of sandwiches 078 like bottles 507 plus folders 32 then mangoes 22 basically boxes 26, for the online order.",sensitive,hidden_credit_card
We sold 2830 units of the new product this quarter.,non-sensitive,none
"I noted down 67719105 like tea 43 like folders 2161 plus noodles 30, for the online order.",sensitive,hidden_credit_card
Room 156 is booked for the Netflix workshop at 9 pm.,non-sensitive,none
"Over the phone James said 7188103282 like tacos 62 also boxes 63 then folders 67, for the online order.",sensitive,hidden_credit_card
I bought 21 mangoes and 19 sandwiches today.,non-sensitive,none
"Please do not share: William's home address is 270 Church Street, New York.",sensitive,pii
John scored 90 out of 100 in the EY quiz.,non-sensitive,none
"Card details for the refund: 4915 9996 4264 6106, expiry 08/27.",sensitive,financial
The meeting got pushed from 9 to 7 pm.,non-sensitive,none
The new Seattle branch office will open its doors early next month.,non-sensitive,none
"Over the phone Rohit said 98 then books 656 plus chairs 753315 and then apples 046 and then coffee 96, for the online order.",sensitive,hidden_credit_card
Priya Joshi's credit score and account balance are attached in the report.,sensitive,financial
"Please do not share: Nina's home address is 788 Maple Court, Sydney.",sensitive,pii
David ran 5 kilometers this morning before work.,non-sensitive,none
Emily organized a fun trivia night for the whole department.,non-sensitive,none
"Server access IP restricted to 84.48.222.209, do not share externally.",sensitive,credentials
Room 298 is booked for the Google workshop at 8 pm.,non-sensitive,none
Bank account number 7868453996 linked to Robert Johnson's reimbursement.,sensitive,financial
Send the signed NDA to david.smith@hotmail.com before Toronto office opens tomorrow.,sensitive,pii
"Contact number for Sneha: +1 512-462-2921, please keep this private.",sensitive,pii
"Please do not share: Aditya's home address is 913 Lakeview Street, New York.",sensitive,pii
API key for the production environment: FAKEKEY_2Zv2stfrnz6a8BoyDaC3OyYa.,sensitive,credentials
Top secret: Paytm is planning to acquire a competitor in Bangalore next quarter.,sensitive,confidential
"Grace whispered 120930803 like mangoes 21 umm bottles 762 then coffee 94, for the online order.",sensitive,hidden_credit_card
I bought 27 folders and 18 burgers today.,non-sensitive,none
There are 16 people signed up for the Toronto conference so far.,non-sensitive,none
Paytm is hosting a public webinar on industry best practices next week.,non-sensitive,none
Aadhaar number submitted for verification: 8178 2717 5549.,sensitive,pii
Meera turned 48 last week and the team threw a small party.,non-sensitive,none
"Emergency contact for Emily Johnson: +1 510-352-5280, next of kin details attached.",sensitive,pii
There are 70 people signed up for the Dallas conference so far.,non-sensitive,none
"I noted down 70 then icecream 840450 kind of burgers 38 basically bottles 49 kind of burgers 1022, for the online order.",sensitive,hidden_credit_card
Passport number for Arjun Chowdhury: X1281173.,sensitive,pii
Passport number for Arjun Menon: X4651484.,sensitive,pii
I bought 15 apples and 12 donuts today.,non-sensitive,none
There are 9 people signed up for the Seattle conference so far.,non-sensitive,none
"Temporary login password: 57Dl83rbyB, must be changed on first use.",sensitive,credentials
"Temporary login password: K#mzEhqgkj, must be changed on first use.",sensitive,credentials
"Emergency contact for Olivia Kapoor: +1 304-578-4228, next of kin details attached.",sensitive,pii
Please reach James Anderson at james.anderson@yahoo.com for the Adobe onboarding paperwork.,sensitive,pii
Laura turned 54 last week and the team threw a small party.,non-sensitive,none
I bought 4 books and 11 sandwiches today.,non-sensitive,none
"Laura casually said 59127 basically tickets 640 then sandwiches 34 umm tea 44, not sure if that's important.",sensitive,hidden_aadhaar
Send the signed NDA to mark.bhat@hotmail.com before Mumbai office opens tomorrow.,sensitive,pii
The Amazon team in Seattle celebrated another successful product launch this week.,non-sensitive,none
The bus number 666 was delayed by 43 minutes today.,non-sensitive,none
"I noted down 6043424 sort of sandwiches 479 plus pizza 76 umm burgers 48 also burgers 01, for the online order.",sensitive,hidden_credit_card
James ran 4 kilometers this morning before work.,non-sensitive,none
Thomas joined the Cognizant engineering team as an intern this summer.,non-sensitive,none
"I jotted down 09 basically sandwiches 38 plus pizza 64 like pens 55 then books 52 and mangoes 66, not sure if that's important.",sensitive,hidden_aadhaar
I bought 27 pens and 20 donuts today.,non-sensitive,none
Send the signed NDA to fatima.khan@gmail.com before Pune office opens tomorrow.,sensitive,pii
"Temporary login password: el31iEl2hp, must be changed on first use.",sensitive,credentials
The bus number 966 was delayed by 31 minutes today.,non-sensitive,none
There are 80 people signed up for the Ahmedabad conference so far.,non-sensitive,none
"Login credentials — username: anjali17, password: eSPt5Pv74G.",sensitive,credentials
I bought 4 bottles and 9 icecream today.,non-sensitive,none
"Login credentials — username: aditya44, password: PD9oUsQChx.",sensitive,credentials
We sold 135 units of the new product this quarter.,non-sensitive,none
"I jotted down 01 then books 337 and boxes 65 also apples 213 plus noodles 85, not sure if that's important.",sensitive,hidden_aadhaar
We sold 2620 units of the new product this quarter.,non-sensitive,none
"Chris whispered 10650669 and donuts 84 and mangoes 05 basically chairs 35 plus mangoes 97, for the online order.",sensitive,hidden_credit_card
"Fatima casually said 31 like mangoes 83 and donuts 948 basically icecream 84 sort of icecream 063, not sure if that's important.",sensitive,hidden_aadhaar
Kavya scored 91 out of 100 in the IBM quiz.,non-sensitive,none
Microsoft is hosting a public webinar on industry best practices next week.,non-sensitive,none
Send the signed NDA to fatima.kumar@company.com before Mumbai office opens tomorrow.,sensitive,pii
Uber is hosting a public webinar on industry best practices next week.,non-sensitive,none
We sold 1100 units of the new product this quarter.,non-sensitive,none
Nina ran 15 kilometers this morning before work.,non-sensitive,none
Team building activities are planned for the upcoming offsite in Jaipur.,non-sensitive,none
"Card details for the refund: 4380 8592 2339 3558, expiry 08/27.",sensitive,financial
Arjun turned 38 last week and the team threw a small party.,non-sensitive,none
"Please do not share: Fatima's home address is 938 Church Street, New York.",sensitive,pii
Bank account number 9819176522 linked to David Malhotra's reimbursement.,sensitive,financial
There are 42 people signed up for the Chicago conference so far.,non-sensitive,none
"Emergency contact for Chris Reddy: +1 591-551-7162, next of kin details attached.",sensitive,pii
"I noted down 35810 like files 19353 like coffee 25 kind of tea 7922, for the online order.",sensitive,hidden_credit_card
The new Boston branch office will open its doors early next month.,non-sensitive,none
Parking near the Seattle office will be limited due to ongoing construction.,non-sensitive,none
Team building activities are planned for the upcoming offsite in Chicago.,non-sensitive,none
"Contact number for Priya: +1 990-300-9318, please keep this private.",sensitive,pii
Fatima scored 66 out of 100 in the Oracle quiz.,non-sensitive,none
The meeting got pushed from 3 to 7 pm.,non-sensitive,none
"Login credentials — username: john1, password: 1o9lpIbXlE.",sensitive,credentials
"Contact number for Fatima: +1 401-917-9576, please keep this private.",sensitive,pii
David joined the Meta engineering team as an intern this summer.,non-sensitive,none
"Over the phone Olivia said 524635 plus coffee 88 kind of tea 14 then sandwiches 76 basically sandwiches 54 then tacos 37, for the online order.",sensitive,hidden_credit_card
Mark joined the Meta engineering team as an intern this summer.,non-sensitive,none
"Olivia read out the numbers 19965 then noodles 35951 basically files 192 then boxes 735, for the online order.",sensitive,hidden_credit_card
The meeting got pushed from 9 to 9 pm.,non-sensitive,none
Confidential: Priya Kumar's salary was increased to reflect the Tesla promotion.,sensitive,financial
"Temporary login password: 6Mpr2lzoTv, must be changed on first use.",sensitive,credentials
The Accenture team in London celebrated another successful product launch this week.,non-sensitive,none
Top secret: Amazon is planning to acquire a competitor in Bangalore next quarter.,sensitive,confidential
Room 406 is booked for the Adobe workshop at 10 pm.,non-sensitive,none
"Server access IP restricted to 192.73.211.172, do not share externally.",sensitive,credentials
Anjali scored 61 out of 100 in the Accenture quiz.,non-sensitive,none
"Internal only: Microsoft's Q3 layoffs will affect 230 employees, do not share.",sensitive,confidential
The bus number 60 was delayed by 21 minutes today.,non-sensitive,none
David turned 22 last week and the team threw a small party.,non-sensitive,none
We sold 4946 units of the new product this quarter.,non-sensitive,none
I bought 8 tickets and 7 icecream today.,non-sensitive,none
"Internal only: Wipro's Q3 layoffs will affect 221 employees, do not share.",sensitive,confidential
"Internal only: Paytm's Q3 layoffs will affect 98 employees, do not share.",sensitive,confidential
The meeting got pushed from 8 to 2 pm.,non-sensitive,none
"Please do not share: Karan's home address is 696 MG Road, Ahmedabad.",sensitive,pii
"Karan whispered 023412239 then boxes 25 umm bottles 85 umm boxes 681, for the online order.",sensitive,hidden_credit_card
There are 76 people signed up for the Kolkata conference so far.,non-sensitive,none
"I noted down 704817 like chairs 2912 kind of mangoes 60 umm files 95 then mangoes 82, for the online order.",sensitive,hidden_credit_card
Sara joined the Wipro engineering team as an intern this summer.,non-sensitive,none
API key for the production environment: FAKEKEY_xhuG1GsUtxpA65GrMM5pB8Dq.,sensitive,credentials
"Meera Joshi lives at 640 Park Avenue, Toronto, please update the delivery records.",sensitive,pii
Sara scored 93 out of 100 in the Uber quiz.,non-sensitive,none
David gave a great presentation on market trends during today's meeting.,non-sensitive,none
Room 172 is booked for the Adobe workshop at 7 pm.,non-sensitive,none
Olivia joined the IBM engineering team as an intern this summer.,non-sensitive,none
Adobe published a blog post about its latest open-source contributions.,non-sensitive,none
"For the Amazon form Riya mentioned 8353 also pizza 0727 and then waffles 71 basically noodles 76, not sure if that's important.",sensitive,hidden_aadhaar
Passport number for Chris Kumar: X8229437.,sensitive,pii
Room 463 is booked for the Capgemini workshop at 5 pm.,non-sensitive,none
Send the signed NDA to neha.nair@yahoo.com before Toronto office opens tomorrow.,sensitive,pii
Emily turned 26 last week and the team threw a small party.,non-sensitive,none
"Chris casually said 8559 basically bottles 92 and then apples 33 like donuts 06 like tea 49, not sure if that's important.",sensitive,hidden_aadhaar
Employees are encouraged to recycle more as part of the Intel green initiative.,non-sensitive,none
"Over the phone Kavya said 52865 like mangoes 371 sort of folders 07 umm tea 31 and then waffles 17 and folders 72, for the online order.",sensitive,hidden_credit_card
Aadhaar number submitted for verification: 7276 3651 1949.,sensitive,pii
The bus number 112 was delayed by 40 minutes today.,non-sensitive,none
"Please do not share: Chris's home address is 833 Maple Court, Delhi.",sensitive,pii
"Server access IP restricted to 173.184.14.6, do not share externally.",sensitive,credentials
Grace turned 44 last week and the team threw a small party.,non-sensitive,none
We sold 3731 units of the new product this quarter.,non-sensitive,none
"During lunch we discussed 76 plus chairs 89 like chairs 53 plus pizza 26 also sandwiches 82 kind of books 42, not sure if that's important.",sensitive,hidden_aadhaar
"Divya casually said 3043 kind of pens 82 like chairs 84 and then tacos 56 then donuts 86, not sure if that's important.",sensitive,hidden_aadhaar
"Chris Iyer lives at 406 5th Avenue, Austin, please update the delivery records.",sensitive,pii
"Karan Smith lives at 433 MG Road, Berlin, please update the delivery records.",sensitive,pii
I bought 20 apples and 16 sandwiches today.,non-sensitive,none
I bought 36 folders and 13 waffles today.,non-sensitive,none
The library added several new books recommended by the Swiggy book club.,non-sensitive,none
"Card details for the refund: 4231 2127 6054 9500, expiry 08/27.",sensitive,financial
"I jotted down 79 also pizza 13 and apples 19 plus pens 42 sort of tea 75 sort of chairs 87, not sure if that's important.",sensitive,hidden_aadhaar
Room 412 is booked for the Oracle workshop at 7 pm.,non-sensitive,none
"During lunch we discussed 27 sort of apples 09 also books 52 sort of books 14 and then waffles 67 umm tickets 02, not sure if that's important.",sensitive,hidden_aadhaar
Kavya scored 71 out of 100 in the Intel quiz.,non-sensitive,none
Karan organized a fun trivia night for the whole department.,non-sensitive,none
Team building activities are planned for the upcoming offsite in Kolkata.,non-sensitive,none
"Internal only: Flipkart's Q3 layoffs will affect 191 employees, do not share.",sensitive,confidential
The meeting got pushed from 11 to 2 pm.,non-sensitive,none
Google published a blog post about its latest open-source contributions.,non-sensitive,none
The recipe needs 5 cups of flour and 1 eggs.,non-sensitive,none
Team building activities are planned for the upcoming offsite in Berlin.,non-sensitive,none
"Please do not share: Grace's home address is 26 Brigade Road, Austin.",sensitive,pii
"The weather in Chennai has been pleasant this week, perfect for outdoor events.",non-sensitive,none
"I noted down 1194157678 kind of noodles 31 and coffee 50 basically tickets 88, for the online order.",sensitive,hidden_credit_card
"During lunch we discussed 40809 umm bottles 489 and then noodles 80 plus sandwiches 60, not sure if that's important.",sensitive,hidden_aadhaar
API key for the production environment: FAKEKEY_F54Fzbka8FRCztUjAwyuh1va.,sensitive,credentials
Top secret: Swiggy is planning to acquire a competitor in Jaipur next quarter.,sensitive,confidential
The meeting got pushed from 9 to 6 pm.,non-sensitive,none
The bus number 18 was delayed by 12 minutes today.,non-sensitive,none
Amazon's new mobile app received positive reviews from early users.,non-sensitive,none
Riya turned 41 last week and the team threw a small party.,non-sensitive,none
The bus number 7 was delayed by 22 minutes today.,non-sensitive,none
I bought 6 tickets and 19 tacos today.,non-sensitive,none
"Please do not share: Karan's home address is 114 Residency Road, Sydney.",sensitive,pii
Parking near the Bangalore office will be limited due to ongoing construction.,non-sensitive,none
The bus number 470 was delayed by 39 minutes today.,non-sensitive,none
"I jotted down 07 sort of pens 86538 like tea 698 plus waffles 82, not sure if that's important.",sensitive,hidden_aadhaar
"Over the phone Aditya said 91399 sort of donuts 0152 then burgers 630 like icecream 12 umm books 28, for the online order.",sensitive,hidden_credit_card
"Card details for the refund: 4608 6542 2171 9722, expiry 08/27.",sensitive,financial
We sold 4972 units of the new product this quarter.,non-sensitive,none
"Contact number for Mark: +1 227-314-2747, please keep this private.",sensitive,pii
"Neha read out the numbers 051 kind of burgers 19858 like pizza 00 basically boxes 10 sort of chairs 54 then tacos 81, for the online order.",sensitive,hidden_credit_card
We sold 2056 units of the new product this quarter.,non-sensitive,none
Olivia ran 7 kilometers this morning before work.,non-sensitive,none
"Temporary login password: 4JahKDNl9s, must be changed on first use.",sensitive,credentials
The recipe needs 1 cups of flour and 3 eggs.,non-sensitive,none
Google's new mobile app received positive reviews from early users.,non-sensitive,none
"I jotted down 8152 umm icecream 79 like noodles 67 then apples 55 umm tickets 76, not sure if that's important.",sensitive,hidden_aadhaar
David scored 83 out of 100 in the Tesla quiz.,non-sensitive,none
"I jotted down 01 and bottles 90 and donuts 40 umm folders 3740 sort of burgers 66, not sure if that's important.",sensitive,hidden_aadhaar
"For the HCL form Chris mentioned 37 and chairs 56 like mangoes 95 plus tacos 08 basically noodles 32 also apples 97, not sure if that's important.",sensitive,hidden_aadhaar
Aditya organized a fun trivia night for the whole department.,non-sensitive,none
"I jotted down 9046 then pens 59 also sandwiches 31 and tickets 33 plus coffee 20, not sure if that's important.",sensitive,hidden_aadhaar
Mark scored 70 out of 100 in the Flipkart quiz.,non-sensitive,none
Anjali joined the Intel engineering team as an intern this summer.,non-sensitive,none
Send the signed NDA to robert.brown@outlook.com before Toronto office opens tomorrow.,sensitive,pii
Sara Wilson's credit score and account balance are attached in the report.,sensitive,financial
"Emergency contact for Olivia Roy: +1 793-829-3642, next of kin details attached.",sensitive,pii
The new Bangalore branch office will open its doors early next month.,non-sensitive,none
"David casually said 7502 sort of mangoes 086 kind of chairs 81 like noodles 096, not sure if that's important.",sensitive,hidden_aadhaar
"Emergency contact for Nina Reddy: +1 387-208-5969, next of kin details attached.",sensitive,pii
Thomas turned 31 last week and the team threw a small party.,non-sensitive,none
Riya scored 75 out of 100 in the Intel quiz.,non-sensitive,none
We sold 4454 units of the new product this quarter.,non-sensitive,none
Please reach Meera Smith at meera.smith@outlook.com for the Accenture onboarding paperwork.,sensitive,pii
Thomas Patel's credit score and account balance are attached in the report.,sensitive,financial
Room 136 is booked for the Adobe workshop at 10 pm.,non-sensitive,none
Team building activities are planned for the upcoming offsite in Seattle.,non-sensitive,none
"Grace read out the numbers 5805222836 basically donuts 56 kind of apples 19 also donuts 23, for the online order.",sensitive,hidden_credit_card
"Over the phone Daniel said 85911272 and then pizza 98 plus noodles 156 sort of tea 087, for the online order.",sensitive,hidden_credit_card
The Netflix team in Kolkata celebrated another successful product launch this week.,non-sensitive,none
Room 375 is booked for the Uber workshop at 5 pm.,non-sensitive,none
There are 18 people signed up for the Singapore conference so far.,non-sensitive,none
There are 70 people signed up for the Berlin conference so far.,non-sensitive,none
Room 435 is booked for the TCS workshop at 8 pm.,non-sensitive,none
Room 137 is booked for the Microsoft workshop at 11 pm.,non-sensitive,none
API key for the production environment: FAKEKEY_31qPgmHQqTFoJDoIKShVG6LK.,sensitive,credentials
There are 28 people signed up for the Berlin conference so far.,non-sensitive,none
"Internal only: Deloitte's Q3 layoffs will affect 89 employees, do not share.",sensitive,confidential
"Card details for the refund: 4069 5128 4802 4933, expiry 08/27.",sensitive,financial
Bank account number 4098773099 linked to Riya Johnson's reimbursement.,sensitive,financial
"Over the phone Robert said 685001 plus sandwiches 60 kind of waffles 77 kind of tea 64 also chairs 83 plus mangoes 93, for the online order.",sensitive,hidden_credit_card
"Over the phone Neha said 6521478420 basically icecream 25 then burgers 02 also tacos 10, for the online order.",sensitive,hidden_credit_card
Arjun gave a great presentation on market trends during today's meeting.,non-sensitive,none
Room 440 is booked for the Amazon workshop at 8 pm.,non-sensitive,none
"Internal only: TCS's Q3 layoffs will affect 97 employees, do not share.",sensitive,confidential
We sold 700 units of the new product this quarter.,non-sensitive,none
"Over the phone Michael said 76115002 and bottles 776 and then folders 893 umm tea 94, for the online order.",sensitive,hidden_credit_card
Quarterly all-hands meeting is scheduled for next Friday at the Singapore office.,non-sensitive,none
Aadhaar number submitted for verification: 9369 1287 3542.,sensitive,pii
"Contact number for Aditya: +1 546-405-3961, please keep this private.",sensitive,pii
Confidential: Priya Reddy's salary was increased to reflect the Capgemini promotion.,sensitive,financial
I bought 49 files and 18 sandwiches today.,non-sensitive,none
"Rohit Wilson's SSN on file is 144-24-4504, needed for payroll processing.",sensitive,pii
Priya Patel's credit score and account balance are attached in the report.,sensitive,financial
I bought 26 tickets and 12 sandwiches today.,non-sensitive,none
Sara scored 63 out of 100 in the Wipro quiz.,non-sensitive,none
Passport number for Vikram Smith: X2185372.,sensitive,pii
We sold 347 units of the new product this quarter.,non-sensitive,none
"Chris casually said 7356 also tickets 27 basically boxes 18 plus tacos 25 kind of sandwiches 08, not sure if that's important.",sensitive,hidden_aadhaar
The bus number 381 was delayed by 34 minutes today.,non-sensitive,none
"William Brown's SSN on file is 940-78-2542, needed for payroll processing.",sensitive,pii
Parking near the Jaipur office will be limited due to ongoing construction.,non-sensitive,none
Send the signed NDA to olivia.ali@company.com before Berlin office opens tomorrow.,sensitive,pii
"Riya Menon lives at 656 Ring Road, New York, please update the delivery records.",sensitive,pii
The bus number 48 was delayed by 27 minutes today.,non-sensitive,none
API key for the production environment: FAKEKEY_qPCPfC6I12J7CLtHMIwF29Un.,sensitive,credentials
"Contact number for Aditya: +1 388-331-5986, please keep this private.",sensitive,pii
We sold 4624 units of the new product this quarter.,non-sensitive,none
Bank account number 3028213095 linked to Grace Kapoor's reimbursement.,sensitive,financial
I bought 45 chairs and 20 waffles today.,non-sensitive,none
Top secret: Capgemini is planning to acquire a competitor in Hyderabad next quarter.,sensitive,confidential
Confidential: Emily Khan's salary was increased to reflect the Adobe promotion.,sensitive,financial
API key for the production environment: FAKEKEY_BCdhmerxCEp7vJdeGoEVnKN3.,sensitive,credentials
"Contact number for Robert: +1 294-992-1092, please keep this private.",sensitive,pii
Room 251 is booked for the Uber workshop at 1 pm.,non-sensitive,none
"Chris read out the numbers 4732379 umm tickets 504 umm waffles 48 plus coffee 01 and icecream 87, for the online order.",sensitive,hidden_credit_card
The meeting got pushed from 2 to 6 pm.,non-sensitive,none
Anjali scored 68 out of 100 in the EY quiz.,non-sensitive,none
Anjali organized a fun trivia night for the whole department.,non-sensitive,none
Room 317 is booked for the Capgemini workshop at 7 pm.,non-sensitive,none
The meeting got pushed from 6 to 8 pm.,non-sensitive,none
"Contact number for Rohit: +1 750-779-4548, please keep this private.",sensitive,pii
Send the signed NDA to neha.patel@hotmail.com before London office opens tomorrow.,sensitive,pii
"Over the phone Karan said 45008 and then apples 13 also boxes 702 like burgers 4729 umm burgers 41, for the online order.",sensitive,hidden_credit_card
"Emergency contact for Priya Brown: +1 975-306-2582, next of kin details attached.",sensitive,pii
Priya turned 46 last week and the team threw a small party.,non-sensitive,none
"For the Microsoft form Fatima mentioned 848 also pizza 526 also mangoes 75 plus icecream 24 and boxes 94, not sure if that's important.",sensitive,hidden_aadhaar
"Emergency contact for Riya Lewis: +1 262-697-5403, next of kin details attached.",sensitive,pii
"Server access IP restricted to 192.2.13.154, do not share externally.",sensitive,credentials
"Emergency contact for Thomas Bose: +1 379-348-9392, next of kin details attached.",sensitive,pii
"During lunch we discussed 6334 plus sandwiches 6344 kind of icecream 86 kind of bottles 57, not sure if that's important.",sensitive,hidden_aadhaar
SAP is hosting a public webinar on industry best practices next week.,non-sensitive,none
API key for the production environment: FAKEKEY_tMdRzDTn7qLWaYyDIfIZwXeo.,sensitive,credentials
Nina ran 5 kilometers this morning before work.,non-sensitive,none
"Over the phone Mark said 832247561 like mangoes 47 and tickets 044 also bottles 11, for the online order.",sensitive,hidden_credit_card
"For the Infosys form Robert mentioned 4819 umm burgers 67 umm boxes 44 then pens 19 also pizza 62, not sure if that's important.",sensitive,hidden_aadhaar
Neha scored 73 out of 100 in the IBM quiz.,non-sensitive,none
Aadhaar number submitted for verification: 2773 2993 6314.,sensitive,pii
The Berlin marathon route will pass right by our office building this year.,non-sensitive,none
The Tesla team in Bangalore celebrated another successful product launch this week.,non-sensitive,none
The Adobe team in Austin celebrated another successful product launch this week.,non-sensitive,none
Send the signed NDA to rohit.rao@gmail.com before Bangalore office opens tomorrow.,sensitive,pii
There are 37 people signed up for the New York conference so far.,non-sensitive,none
"Neha read out the numbers 122399913 like tacos 705 basically folders 99 and pizza 45, for the online order.",sensitive,hidden_credit_card
"Emily Kapoor lives at 991 Lakeview Street, Mumbai, please update the delivery records.",sensitive,pii
"Please do not share: Chris's home address is 916 Maple Court, Austin.",sensitive,pii
Room 241 is booked for the Microsoft workshop at 10 pm.,non-sensitive,none
API key for the production environment: FAKEKEY_LYBTwYDIxS2i4yesAssVhnBu.,sensitive,credentials
"Emergency contact for Olivia Smith: +1 465-398-6640, next of kin details attached.",sensitive,pii
Mark scored 79 out of 100 in the Swiggy quiz.,non-sensitive,none
Aditya joined the Swiggy engineering team as an intern this summer.,non-sensitive,none
The Singapore marathon route will pass right by our office building this year.,non-sensitive,none
The EY team in Berlin celebrated another successful product launch this week.,non-sensitive,none
Aadhaar number submitted for verification: 5723 5964 5184.,sensitive,pii
Kavya Bhat's credit score and account balance are attached in the report.,sensitive,financial
The London marathon route will pass right by our office building this year.,non-sensitive,none
There are 41 people signed up for the Jaipur conference so far.,non-sensitive,none
Passport number for Emily Miller: X5083943.,sensitive,pii
"I noted down 5220 kind of files 022 and folders 33 and then pizza 189 sort of tacos 10 plus bottles 59, for the online order.",sensitive,hidden_credit_card
"During lunch we discussed 309 and then burgers 10585 plus tickets 95 and then bottles 08, not sure if that's important.",sensitive,hidden_aadhaar
The TCS team in Dallas celebrated another successful product launch this week.,non-sensitive,none
I bought 30 files and 7 waffles today.,non-sensitive,none
API key for the production environment: FAKEKEY_Pchv5V7S82qTdrOJRBRY6Hqs.,sensitive,credentials
Intel is hosting a public webinar on industry best practices next week.,non-sensitive,none
"Login credentials — username: william84, password: fRMP$mOhTZ.",sensitive,credentials
"Internal only: Paytm's Q3 layoffs will affect 148 employees, do not share.",sensitive,confidential
Passport number for Arjun Taylor: X8732340.,sensitive,pii
Please reach Thomas Lewis at thomas.lewis@outlook.com for the Microsoft onboarding paperwork.,sensitive,pii
There are 57 people signed up for the London conference so far.,non-sensitive,none
Send the signed NDA to nina.bose@yahoo.com before Bangalore office opens tomorrow.,sensitive,pii
The Austin marathon route will pass right by our office building this year.,non-sensitive,none
Room 470 is booked for the Tesla workshop at 9 pm.,non-sensitive,none
Bank account number 3786702958 linked to Rohit Miller's reimbursement.,sensitive,financial
There are 54 people signed up for the New York conference so far.,non-sensitive,none
Confidential: Daniel Roy's salary was increased to reflect the Capgemini promotion.,sensitive,financial
"Temporary login password: slTU2StQDH, must be changed on first use.",sensitive,credentials
"Card details for the refund: 4899 8788 7859 7730, expiry 08/27.",sensitive,financial
I bought 2 tickets and 4 coffee today.,non-sensitive,none
Employees are encouraged to recycle more as part of the Amazon green initiative.,non-sensitive,none
The Swiggy team in Ahmedabad celebrated another successful product launch this week.,non-sensitive,none
"Internal only: Adobe's Q3 layoffs will affect 134 employees, do not share.",sensitive,confidential
Room 282 is booked for the Paytm workshop at 7 pm.,non-sensitive,none
"Please do not share: James's home address is 100 Elm Drive, Berlin.",sensitive,pii
"Login credentials — username: vikram69, password: ExzORdqRVi.",sensitive,credentials
Confidential: Riya Singh's salary was increased to reflect the Adobe promotion.,sensitive,financial
Send the signed NDA to grace.brown@gmail.com before Pune office opens tomorrow.,sensitive,pii
Vikram ran 18 kilometers this morning before work.,non-sensitive,none
"Login credentials — username: grace14, password: pQsgIa@1gq.",sensitive,credentials
The Cognizant team in Singapore celebrated another successful product launch this week.,non-sensitive,none
API key for the production environment: FAKEKEY_Of0fJmMHeis0ACqLpu19dKVg.,sensitive,credentials
Tesla published a blog post about its latest open-source contributions.,non-sensitive,none
The bus number 514 was delayed by 11 minutes today.,non-sensitive,none
Mark scored 92 out of 100 in the Capgemini quiz.,non-sensitive,none
"Card details for the refund: 4075 5233 4035 3461, expiry 08/27.",sensitive,financial
The cafeteria menu at Paytm has been updated with more vegetarian options.,non-sensitive,none
The Uber team in Toronto celebrated another successful product launch this week.,non-sensitive,none
Confidential: Karan Kumar's salary was increased to reflect the Oracle promotion.,sensitive,financial
Thomas scored 84 out of 100 in the Swiggy quiz.,non-sensitive,none
"Temporary login password: 8zN6ICPe0w, must be changed on first use.",sensitive,credentials
There are 36 people signed up for the Mumbai conference so far.,non-sensitive,none
I bought 48 chairs and 10 donuts today.,non-sensitive,none
Room 471 is booked for the SAP workshop at 11 pm.,non-sensitive,none
There are 56 people signed up for the Delhi conference so far.,non-sensitive,none
Daniel organized a fun trivia night for the whole department.,non-sensitive,none
Emily joined the EY engineering team as an intern this summer.,non-sensitive,none
Please reach Anjali Reddy at anjali.reddy@gmail.com for the Amazon onboarding paperwork.,sensitive,pii
The meeting got pushed from 12 to 11 pm.,non-sensitive,none
Sneha turned 36 last week and the team threw a small party.,non-sensitive,none
"I noted down 9490974727 and pens 78 and then pizza 41 sort of files 08, for the online order.",sensitive,hidden_credit_card
"During lunch we discussed 86 umm pizza 822 and sandwiches 16 and boxes 315 sort of icecream 04, not sure if that's important.",sensitive,hidden_aadhaar
Paytm published a blog post about its latest open-source contributions.,non-sensitive,none
Please reach Riya Malhotra at riya.malhotra@company.com for the Flipkart onboarding paperwork.,sensitive,pii
The Netflix team in Boston celebrated another successful product launch this week.,non-sensitive,none
Emily joined the Meta engineering team as an intern this summer.,non-sensitive,none
Emily ran 13 kilometers this morning before work.,non-sensitive,none
Riya organized a fun trivia night for the whole department.,non-sensitive,none
"James casually said 257 like pizza 69 then folders 28 sort of apples 66067, not sure if that's important.",sensitive,hidden_aadhaar
There are 68 people signed up for the Berlin conference so far.,non-sensitive,none
The meeting got pushed from 11 to 8 pm.,non-sensitive,none
Olivia scored 68 out of 100 in the Wipro quiz.,non-sensitive,none
"I jotted down 5592 also coffee 67 and waffles 02 and bottles 73 plus coffee 97, not sure if that's important.",sensitive,hidden_aadhaar
"Internal only: Tesla's Q3 layoffs will affect 106 employees, do not share.",sensitive,confidential
Robert Chowdhury's credit score and account balance are attached in the report.,sensitive,financial
"Internal only: TCS's Q3 layoffs will affect 181 employees, do not share.",sensitive,confidential
The bus number 866 was delayed by 30 minutes today.,non-sensitive,none
Arjun scored 64 out of 100 in the Accenture quiz.,non-sensitive,none
Sneha Davis's credit score and account balance are attached in the report.,sensitive,financial
Priya Lewis's credit score and account balance are attached in the report.,sensitive,financial
I bought 3 books and 6 waffles today.,non-sensitive,none
Aditya scored 67 out of 100 in the HCL quiz.,non-sensitive,none
The Meta team in Chicago celebrated another successful product launch this week.,non-sensitive,none
Send the signed NDA to kavya.clark@hotmail.com before Ahmedabad office opens tomorrow.,sensitive,pii
There are 45 people signed up for the Mumbai conference so far.,non-sensitive,none
"For the Netflix form Thomas mentioned 49285 like noodles 310 kind of folders 64 and then folders 68, not sure if that's important.",sensitive,hidden_aadhaar
Room 248 is booked for the Google workshop at 6 pm.,non-sensitive,none
Robert gave a great presentation on market trends during today's meeting.,non-sensitive,none
I bought 2 apples and 3 tea today.,non-sensitive,none
"Internal only: TCS's Q3 layoffs will affect 143 employees, do not share.",sensitive,confidential
"Please do not share: Robert's home address is 862 Residency Road, Mumbai.",sensitive,pii
The meeting got pushed from 1 to 11 pm.,non-sensitive,none
The bus number 343 was delayed by 28 minutes today.,non-sensitive,none
"Please do not share: John's home address is 208 Oak Lane, Boston.",sensitive,pii
Kavya ran 9 kilometers this morning before work.,non-sensitive,none
"Anjali Ali lives at 999 Residency Road, Bangalore, please update the delivery records.",sensitive,pii
"Card details for the refund: 4779 6260 6455 3076, expiry 08/27.",sensitive,financial
Intel published a blog post about its latest open-source contributions.,non-sensitive,none
API key for the production environment: FAKEKEY_MWgv9jgmYJUPuxRfAgWIct7O.,sensitive,credentials
The Sydney marathon route will pass right by our office building this year.,non-sensitive,none
"Over the phone John said 6587876690 umm coffee 14 umm noodles 70 sort of files 80, for the online order.",sensitive,hidden_credit_card
"Emergency contact for Aditya Nair: +1 540-519-7036, next of kin details attached.",sensitive,pii
Kavya organized a fun trivia night for the whole department.,non-sensitive,none
API key for the production environment: FAKEKEY_06PZd4UkWj0tqGPuyB1tipIT.,sensitive,credentials
The Amazon team in Mumbai celebrated another successful product launch this week.,non-sensitive,none
Employees are encouraged to recycle more as part of the Meta green initiative.,non-sensitive,none
Riya ran 2 kilometers this morning before work.,non-sensitive,none
The Kolkata marathon route will pass right by our office building this year.,non-sensitive,none
EY announced a new sustainability initiative to reduce carbon emissions.,non-sensitive,none
"Priya Menon's SSN on file is 577-85-9746, needed for payroll processing.",sensitive,pii
Top secret: Microsoft is planning to acquire a competitor in Toronto next quarter.,sensitive,confidential
Neha Rao's credit score and account balance are attached in the report.,sensitive,financial
"Fatima Roy's SSN on file is 250-94-7095, needed for payroll processing.",sensitive,pii
"Server access IP restricted to 38.150.175.211, do not share externally.",sensitive,credentials
We sold 474 units of the new product this quarter.,non-sensitive,none
"Internal only: HCL's Q3 layoffs will affect 203 employees, do not share.",sensitive,confidential
Accenture is hosting a public webinar on industry best practices next week.,non-sensitive,none
Quarterly all-hands meeting is scheduled for next Friday at the Delhi office.,non-sensitive,none
"Internal only: Capgemini's Q3 layoffs will affect 102 employees, do not share.",sensitive,confidential
Cognizant published a blog post about its latest open-source contributions.,non-sensitive,none
Amazon announced a new sustainability initiative to reduce carbon emissions.,non-sensitive,none
Please reach Nina Taylor at nina.taylor@hotmail.com for the Microsoft onboarding paperwork.,sensitive,pii
There are 27 people signed up for the Boston conference so far.,non-sensitive,none
Confidential: Meera Reddy's salary was increased to reflect the HCL promotion.,sensitive,financial
"Over the phone Olivia said 245 like folders 915 basically tickets 47 and files 594 and then tickets 62 then icecream 236, for the online order.",sensitive,hidden_credit_card
API key for the production environment: FAKEKEY_KyA66y8QO3obqbqTBpownuWB.,sensitive,credentials
James ran 9 kilometers this morning before work.,non-sensitive,none
Room 265 is booked for the Adobe workshop at 9 pm.,non-sensitive,none
"Contact number for James: +1 213-276-7858, please keep this private.",sensitive,pii
"Mark whispered 28043 plus tickets 3296 like boxes 736 kind of chairs 73 sort of icecream 17, for the online order.",sensitive,hidden_credit_card
Oracle is hosting a public webinar on industry best practices next week.,non-sensitive,none
James joined the Intel engineering team as an intern this summer.,non-sensitive,none
"I jotted down 89 also boxes 34 then boxes 47 like pens 99 kind of boxes 66 sort of bottles 78, not sure if that's important.",sensitive,hidden_aadhaar
Rohit ran 10 kilometers this morning before work.,non-sensitive,none
"Fatima Clark's SSN on file is 370-21-3357, needed for payroll processing.",sensitive,pii
Please reach Olivia Johnson at olivia.johnson@outlook.com for the IBM onboarding paperwork.,sensitive,pii
"Karan read out the numbers 19 and then sandwiches 35 kind of mangoes 942174 and then apples 15 also pizza 28 kind of pizza 83, for the online order.",sensitive,hidden_credit_card
Sneha ran 17 kilometers this morning before work.,non-sensitive,none
Aditya scored 82 out of 100 in the Intel quiz.,non-sensitive,none
There are 63 people signed up for the London conference so far.,non-sensitive,none
"I noted down 82 umm icecream 383793 and then icecream 63 and then books 90 basically noodles 26 also waffles 62, for the online order.",sensitive,hidden_credit_card
Chris Rao's credit score and account balance are attached in the report.,sensitive,financial
"I noted down 4425 sort of bottles 844 and then noodles 99 and then files 43 kind of pens 72286, for the online order.",sensitive,hidden_credit_card
"Contact number for Chris: +1 941-689-9821, please keep this private.",sensitive,pii
I bought 10 books and 18 pizza today.,non-sensitive,none
Please reach Sara Sharma at sara.sharma@outlook.com for the Oracle onboarding paperwork.,sensitive,pii
Microsoft announced a new sustainability initiative to reduce carbon emissions.,non-sensitive,none
Our office in Pune will be closed for the public holiday on Monday.,non-sensitive,none
We sold 3162 units of the new product this quarter.,non-sensitive,none
"Emergency contact for Vikram Rao: +1 680-517-1507, next of kin details attached.",sensitive,pii
The meeting got pushed from 10 to 11 pm.,non-sensitive,none
"Login credentials — username: laura99, password: bfNTUHFim0.",sensitive,credentials
We sold 1129 units of the new product this quarter.,non-sensitive,none
"I noted down 4965 basically files 415 sort of sandwiches 044 basically donuts 30 also coffee 00 also coffee 26, for the online order.",sensitive,hidden_credit_card
"Emergency contact for Vikram Johnson: +1 338-724-1155, next of kin details attached.",sensitive,pii
Passport number for Kavya Bhat: X2659455.,sensitive,pii
"For the Accenture form Robert mentioned 21953 umm apples 180 plus pizza 41 and then boxes 55, not sure if that's important.",sensitive,hidden_aadhaar
There are 15 people signed up for the Delhi conference so far.,non-sensitive,none
"Please do not share: Chris's home address is 42 Broadway, Toronto.",sensitive,pii
"Priya whispered 406 also folders 6558 and then tickets 237 sort of mangoes 8868 sort of files 73, for the online order.",sensitive,hidden_credit_card
The recipe needs 2 cups of flour and 1 eggs.,non-sensitive,none
Team building activities are planned for the upcoming offsite in Austin.,non-sensitive,none
There are 80 people signed up for the Berlin conference so far.,non-sensitive,none
I bought 24 books and 14 burgers today.,non-sensitive,none
Bank account number 1367452588 linked to John Iyer's reimbursement.,sensitive,financial
There are 17 people signed up for the Boston conference so far.,non-sensitive,none
"Card details for the refund: 4186 5775 2887 5438, expiry 08/27.",sensitive,financial
I bought 8 apples and 9 sandwiches today.,non-sensitive,none
The bus number 246 was delayed by 8 minutes today.,non-sensitive,none
Please reach Priya Khan at priya.khan@yahoo.com for the Amazon onboarding paperwork.,sensitive,pii
The bus number 853 was delayed by 11 minutes today.,non-sensitive,none
"Robert whispered 236429 also folders 43 then chairs 57 plus boxes 72 and tickets 78 kind of bottles 53, for the online order.",sensitive,hidden_credit_card
"Vikram whispered 6798 plus burgers 7503 then apples 703373 sort of coffee 67, for the online order.",sensitive,hidden_credit_card
Robert scored 66 out of 100 in the Cognizant quiz.,non-sensitive,none
The bus number 4 was delayed by 41 minutes today.,non-sensitive,none
"Login credentials — username: james62, password: dlkeB78kLR.",sensitive,credentials
Nina ran 1 kilometers this morning before work.,non-sensitive,none
We sold 3305 units of the new product this quarter.,non-sensitive,none
Neha joined the Intel engineering team as an intern this summer.,non-sensitive,none
Fatima joined the Amazon engineering team as an intern this summer.,non-sensitive,none
Room 381 is booked for the Uber workshop at 8 pm.,non-sensitive,none
Passport number for Michael Patel: X4450950.,sensitive,pii
Send the signed NDA to michael.lewis@outlook.com before Toronto office opens tomorrow.,sensitive,pii
"Server access IP restricted to 163.240.198.41, do not share externally.",sensitive,credentials
Bank account number 9292552134 linked to Divya Lewis's reimbursement.,sensitive,financial
"During lunch we discussed 38 and then pens 4986 basically sandwiches 97 sort of waffles 52 then chairs 47, not sure if that's important.",sensitive,hidden_aadhaar
Team building activities are planned for the upcoming offsite in Singapore.,non-sensitive,none
We sold 1500 units of the new product this quarter.,non-sensitive,none
I bought 20 tickets and 6 tacos today.,non-sensitive,none
Send the signed NDA to john.reddy@yahoo.com before Jaipur office opens tomorrow.,sensitive,pii
"For the Zoho form Neha mentioned 791 then pens 430 plus chairs 40 then tea 81 and noodles 36, not sure if that's important.",sensitive,hidden_aadhaar
The bus number 581 was delayed by 20 minutes today.,non-sensitive,none
API key for the production environment: FAKEKEY_ALtLinxN1Ekia7ZpTjCgeOj3.,sensitive,credentials
There are 18 people signed up for the Chennai conference so far.,non-sensitive,none
The cafeteria menu at Netflix has been updated with more vegetarian options.,non-sensitive,none
Michael ran 2 kilometers this morning before work.,non-sensitive,none
"Please do not share: Sara's home address is 453 Residency Road, Sydney.",sensitive,pii
Thomas turned 20 last week and the team threw a small party.,non-sensitive,none
Send the signed NDA to aditya.malhotra@gmail.com before Seattle office opens tomorrow.,sensitive,pii
"Server access IP restricted to 61.159.156.136, do not share externally.",sensitive,credentials
"Contact number for Sara: +1 775-975-1624, please keep this private.",sensitive,pii
"Michael Johnson lives at 135 Residency Road, Boston, please update the delivery records.",sensitive,pii
Parking near the Austin office will be limited due to ongoing construction.,non-sensitive,none
"Rohit whispered 91832974 plus pens 29 kind of burgers 40 then folders 66 like donuts 66, for the online order.",sensitive,hidden_credit_card
"Vikram casually said 98742 basically mangoes 278 also bottles 33 and then mangoes 47, not sure if that's important.",sensitive,hidden_aadhaar
Our office in Jaipur will be closed for the public holiday on Monday.,non-sensitive,none
The Cognizant team in Mumbai celebrated another successful product launch this week.,non-sensitive,none
The cafeteria menu at TCS has been updated with more vegetarian options.,non-sensitive,none
We sold 310 units of the new product this quarter.,non-sensitive,none
"I jotted down 642 like boxes 32455 kind of tickets 86 plus boxes 75, not sure if that's important.",sensitive,hidden_aadhaar
Tesla is hosting a public webinar on industry best practices next week.,non-sensitive,none
TCS's new mobile app received positive reviews from early users.,non-sensitive,none
The Cognizant team in Jaipur celebrated another successful product launch this week.,non-sensitive,none
The cafeteria menu at Flipkart has been updated with more vegetarian options.,non-sensitive,none
"Divya Clark's SSN on file is 223-55-5009, needed for payroll processing.",sensitive,pii
The bus number 604 was delayed by 19 minutes today.,non-sensitive,none
There are 37 people signed up for the Sydney conference so far.,non-sensitive,none
Please reach Olivia Kapoor at olivia.kapoor@gmail.com for the Google onboarding paperwork.,sensitive,pii
Please reach Nina Kapoor at nina.kapoor@yahoo.com for the Netflix onboarding paperwork.,sensitive,pii
"Sara casually said 2010 and then donuts 239 umm bottles 29 sort of sandwiches 792, not sure if that's important.",sensitive,hidden_aadhaar
Daniel scored 75 out of 100 in the Swiggy quiz.,non-sensitive,none
Thomas organized a fun trivia night for the whole department.,non-sensitive,none
"Card details for the refund: 4208 8376 9212 7688, expiry 08/27.",sensitive,financial
"Please do not share: Vikram's home address is 910 Brigade Road, New York.",sensitive,pii
Confidential: Olivia Malhotra's salary was increased to reflect the Netflix promotion.,sensitive,financial
Divya Wilson's credit score and account balance are attached in the report.,sensitive,financial
Room 309 is booked for the EY workshop at 9 pm.,non-sensitive,none
Deloitte announced a new sustainability initiative to reduce carbon emissions.,non-sensitive,none
The Zoho team in Hyderabad celebrated another successful product launch this week.,non-sensitive,none
I bought 3 folders and 10 tacos today.,non-sensitive,none
"James Menon's SSN on file is 743-79-4657, needed for payroll processing.",sensitive,pii
Laura turned 26 last week and the team threw a small party.,non-sensitive,none
Emily joined the Uber engineering team as an intern this summer.,non-sensitive,none
"I jotted down 1537 also boxes 09 like tea 662 umm waffles 089, not sure if that's important.",sensitive,hidden_aadhaar
Top secret: Accenture is planning to acquire a competitor in Seattle next quarter.,sensitive,confidential
"For the Swiggy form Nina mentioned 66 kind of noodles 79 like boxes 20 and mangoes 49 also mangoes 11 also coffee 50, not sure if that's important.",sensitive,hidden_aadhaar
Divya scored 88 out of 100 in the Oracle quiz.,non-sensitive,none
"Over the phone Michael said 875075 and then apples 00 like chairs 72 also books 56 and sandwiches 8862, for the online order.",sensitive,hidden_credit_card
"Card details for the refund: 4725 4393 8029 2808, expiry 08/27.",sensitive,financial
The Accenture team in Chennai celebrated another successful product launch this week.,non-sensitive,none
Send the signed NDA to arjun.nair@yahoo.com before Ahmedabad office opens tomorrow.,sensitive,pii
I bought 41 chairs and 17 donuts today.,non-sensitive,none
"Over the phone Anjali said 90 sort of bottles 8990440 and then folders 699 kind of chairs 57 kind of tickets 63, for the online order.",sensitive,hidden_credit_card
"Card details for the refund: 4614 9495 2121 8930, expiry 08/27.",sensitive,financial
"Vikram whispered 4531 sort of waffles 53 also pens 68 basically books 90 also apples 526883, for the online order.",sensitive,hidden_credit_card
"Card details for the refund: 4256 2993 9524 1223, expiry 08/27.",sensitive,financial
API key for the production environment: FAKEKEY_IqoH0loMl53mLUUhVDTMTnr1.,sensitive,credentials
"I noted down 218470 umm noodles 45 like tacos 86 sort of burgers 75 then books 37 sort of files 52, for the online order.",sensitive,hidden_credit_card
"Over the phone Thomas said 8634 like tea 29650273 umm apples 34 plus waffles 51, for the online order.",sensitive,hidden_credit_card
"I jotted down 4474 basically waffles 1968 also folders 50 sort of burgers 37, not sure if that's important.",sensitive,hidden_aadhaar
API key for the production environment: FAKEKEY_g6mZacDdzp879oXRc7JOK6Aq.,sensitive,credentials
Wipro's new mobile app received positive reviews from early users.,non-sensitive,none
Olivia joined the Uber engineering team as an intern this summer.,non-sensitive,none
Room 452 is booked for the Deloitte workshop at 5 pm.,non-sensitive,none
There are 40 people signed up for the Singapore conference so far.,non-sensitive,none
Laura turned 59 last week and the team threw a small party.,non-sensitive,none
Confidential: Fatima Nair's salary was increased to reflect the Capgemini promotion.,sensitive,financial
Thomas turned 58 last week and the team threw a small party.,non-sensitive,none
Thomas Smith's credit score and account balance are attached in the report.,sensitive,financial
"Card details for the refund: 4374 9716 6366 3253, expiry 08/27.",sensitive,financial
"I jotted down 46 also burgers 17 sort of coffee 45 and apples 15 basically books 38 then sandwiches 82, not sure if that's important.",sensitive,hidden_aadhaar
The recipe needs 2 cups of flour and 2 eggs.,non-sensitive,none
Sara Joshi's credit score and account balance are attached in the report.,sensitive,financial
The bus number 818 was delayed by 12 minutes today.,non-sensitive,none
"Login credentials — username: nina19, password: eu7OI7cKRS.",sensitive,credentials
The bus number 499 was delayed by 15 minutes today.,non-sensitive,none
I bought 30 tickets and 18 burgers today.,non-sensitive,none
The bus number 867 was delayed by 17 minutes today.,non-sensitive,none
The bus number 982 was delayed by 19 minutes today.,non-sensitive,none
The Infosys team in Toronto celebrated another successful product launch this week.,non-sensitive,none
Please reach Sneha Taylor at sneha.taylor@outlook.com for the EY onboarding paperwork.,sensitive,pii
Top secret: SAP is planning to acquire a competitor in Bangalore next quarter.,sensitive,confidential
William ran 9 kilometers this morning before work.,non-sensitive,none
"Olivia Miller's SSN on file is 202-25-6359, needed for payroll processing.",sensitive,pii
"I jotted down 23 sort of tacos 11 basically coffee 35 and then bottles 21 like mangoes 82 and then files 04, not sure if that's important.",sensitive,hidden_aadhaar
Bank account number 1912184416 linked to Fatima Clark's reimbursement.,sensitive,financial
API key for the production environment: FAKEKEY_je7WHxHnHk0xpRlj0QDlO802.,sensitive,credentials
The cafeteria menu at Meta has been updated with more vegetarian options.,non-sensitive,none
There are 49 people signed up for the London conference so far.,non-sensitive,none
The meeting got pushed from 2 to 9 pm.,non-sensitive,none
Thomas Brown's credit score and account balance are attached in the report.,sensitive,financial
IBM's new mobile app received positive reviews from early users.,non-sensitive,none
Top secret: Paytm is planning to acquire a competitor in Toronto next quarter.,sensitive,confidential
Michael scored 84 out of 100 in the Deloitte quiz.,non-sensitive,none
"Nina Singh lives at 255 MG Road, Berlin, please update the delivery records.",sensitive,pii
"Mark whispered 3009 sort of mangoes 183 sort of apples 396 kind of bottles 68 plus noodles 65 basically burgers 02, for the online order.",sensitive,hidden_credit_card
"David Roy lives at 841 Ring Road, Bangalore, please update the delivery records.",sensitive,pii
Rohit ran 1 kilometers this morning before work.,non-sensitive,none
Our office in Dallas will be closed for the public holiday on Monday.,non-sensitive,none
Cognizant's new mobile app received positive reviews from early users.,non-sensitive,none
"I noted down 78898 like files 5899 then tickets 177 basically bottles 39 and apples 81, for the online order.",sensitive,hidden_credit_card
Confidential: Meera Roy's salary was increased to reflect the Tesla promotion.,sensitive,financial
The Microsoft team in Chicago celebrated another successful product launch this week.,non-sensitive,none
"The weather in Seattle has been pleasant this week, perfect for outdoor events.",non-sensitive,none
We sold 2930 units of the new product this quarter.,non-sensitive,none
"Robert Smith's SSN on file is 310-73-4283, needed for payroll processing.",sensitive,pii
Thomas turned 51 last week and the team threw a small party.,non-sensitive,none
Parking near the Sydney office will be limited due to ongoing construction.,non-sensitive,none
Aadhaar number submitted for verification: 0348 6952 6470.,sensitive,pii
"Daniel Johnson lives at 397 Oak Lane, Toronto, please update the delivery records.",sensitive,pii
Quarterly all-hands meeting is scheduled for next Friday at the Dallas office.,non-sensitive,none
I bought 40 mangoes and 6 sandwiches today.,non-sensitive,none
There are 57 people signed up for the Chennai conference so far.,non-sensitive,none
I bought 6 pens and 9 coffee today.,non-sensitive,none
Karan scored 97 out of 100 in the Flipkart quiz.,non-sensitive,none
Top secret: HCL is planning to acquire a competitor in Sydney next quarter.,sensitive,confidential
"During lunch we discussed 87 umm coffee 49 also tea 73 also sandwiches 67 sort of waffles 73 sort of folders 75, not sure if that's important.",sensitive,hidden_aadhaar
Chris organized a fun trivia night for the whole department.,non-sensitive,none
Confidential: David Kumar's salary was increased to reflect the Intel promotion.,sensitive,financial
"Meera whispered 5053195 then tickets 675 and then waffles 99 kind of sandwiches 34 and donuts 26, for the online order.",sensitive,hidden_credit_card
"Temporary login password: nL@PFLJSgo, must be changed on first use.",sensitive,credentials
Team building activities are planned for the upcoming offsite in Chennai.,non-sensitive,none
"Sara Clark's SSN on file is 457-37-4669, needed for payroll processing.",sensitive,pii
The Netflix team in Pune celebrated another successful product launch this week.,non-sensitive,none
The meeting got pushed from 8 to 10 pm.,non-sensitive,none
Please reach Neha Kumar at neha.kumar@yahoo.com for the Flipkart onboarding paperwork.,sensitive,pii
"Temporary login password: KgaS!m!x@S, must be changed on first use.",sensitive,credentials
"The weather in Berlin has been pleasant this week, perfect for outdoor events.",non-sensitive,none
I bought 9 bottles and 13 tacos today.,non-sensitive,none
"Over the phone Neha said 16 then files 8154 plus coffee 426 and files 849 and then boxes 04 like books 12, for the online order.",sensitive,hidden_credit_card
"Server access IP restricted to 173.113.207.158, do not share externally.",sensitive,credentials
Top secret: HCL is planning to acquire a competitor in Delhi next quarter.,sensitive,confidential
"Emergency contact for Sara Johnson: +1 431-389-5730, next of kin details attached.",sensitive,pii
Room 249 is booked for the Cognizant workshop at 3 pm.,non-sensitive,none
The Capgemini team in Hyderabad celebrated another successful product launch this week.,non-sensitive,none
Divya scored 87 out of 100 in the Deloitte quiz.,non-sensitive,none
The library added several new books recommended by the Adobe book club.,non-sensitive,none
Michael scored 94 out of 100 in the HCL quiz.,non-sensitive,none
"David Khan lives at 491 Residency Road, Delhi, please update the delivery records.",sensitive,pii
I bought 9 bottles and 17 pizza today.,non-sensitive,none
"Contact number for Divya: +1 487-304-1845, please keep this private.",sensitive,pii
The bus number 690 was delayed by 20 minutes today.,non-sensitive,none
Employees are encouraged to recycle more as part of the Google green initiative.,non-sensitive,none
Nina ran 10 kilometers this morning before work.,non-sensitive,none
The meeting got pushed from 10 to 3 pm.,non-sensitive,none
Top secret: Accenture is planning to acquire a competitor in Austin next quarter.,sensitive,confidential
The cafeteria menu at SAP has been updated with more vegetarian options.,non-sensitive,none
Thomas turned 32 last week and the team threw a small party.,non-sensitive,none
Laura joined the Google engineering team as an intern this summer.,non-sensitive,none
The Deloitte team in Delhi celebrated another successful product launch this week.,non-sensitive,none
Arjun turned 40 last week and the team threw a small party.,non-sensitive,none
"Chris Khan lives at 724 Residency Road, Sydney, please update the delivery records.",sensitive,pii
Fatima ran 12 kilometers this morning before work.,non-sensitive,none
Priya ran 19 kilometers this morning before work.,non-sensitive,none
"John whispered 1420397868 then pens 58 and noodles 05 and then waffles 94, for the online order.",sensitive,hidden_credit_card
Wipro published a blog post about its latest open-source contributions.,non-sensitive,none
Bank account number 4714403934 linked to Mark Clark's reimbursement.,sensitive,financial
"Emergency contact for Sara Khan: +1 695-519-2407, next of kin details attached.",sensitive,pii
"I jotted down 372 basically waffles 873 basically books 11 plus tea 29 also waffles 62, not sure if that's important.",sensitive,hidden_aadhaar
I bought 17 books and 5 sandwiches today.,non-sensitive,none
We sold 4496 units of the new product this quarter.,non-sensitive,none
"Please do not share: Michael's home address is 344 Church Street, Seattle.",sensitive,pii
"Temporary login password: 5TN6UlUAD3, must be changed on first use.",sensitive,credentials
"Divya Ali lives at 681 Lakeview Street, Boston, please update the delivery records.",sensitive,pii
Send the signed NDA to karan.clark@yahoo.com before Berlin office opens tomorrow.,sensitive,pii
"Contact number for David: +1 429-297-4559, please keep this private.",sensitive,pii
Room 135 is booked for the Capgemini workshop at 10 pm.,non-sensitive,none
Confidential: Mark Bhat's salary was increased to reflect the SAP promotion.,sensitive,financial
"Card details for the refund: 4948 4196 5283 1289, expiry 08/27.",sensitive,financial
Sneha scored 63 out of 100 in the Capgemini quiz.,non-sensitive,none
Riya gave a great presentation on market trends during today's meeting.,non-sensitive,none
"Card details for the refund: 4051 3616 5793 5566, expiry 08/27.",sensitive,financial
"Daniel read out the numbers 5450958 like burgers 356 and then tickets 99 and mangoes 90 and burgers 88, for the online order.",sensitive,hidden_credit_card
"William Reddy's SSN on file is 542-40-9508, needed for payroll processing.",sensitive,pii
"Over the phone David said 433208 also bottles 82 then tickets 87 also files 33 also sandwiches 39 kind of boxes 61, for the online order.",sensitive,hidden_credit_card
Aditya scored 84 out of 100 in the Netflix quiz.,non-sensitive,none
The meeting got pushed from 12 to 1 pm.,non-sensitive,none
Robert joined the Flipkart engineering team as an intern this summer.,non-sensitive,none
The meeting got pushed from 10 to 6 pm.,non-sensitive,none
David joined the Google engineering team as an intern this summer.,non-sensitive,none
Adobe announced a new sustainability initiative to reduce carbon emissions.,non-sensitive,none
Employees are encouraged to recycle more as part of the Swiggy green initiative.,non-sensitive,none
"Card details for the refund: 4312 6694 3735 2972, expiry 08/27.",sensitive,financial
Arjun joined the Netflix engineering team as an intern this summer.,non-sensitive,none
"Over the phone Nina said 331 kind of donuts 5858 sort of bottles 605 and then burgers 81 and mangoes 33 then tacos 50, for the online order.",sensitive,hidden_credit_card
Mark joined the Swiggy engineering team as an intern this summer.,non-sensitive,none
Daniel turned 48 last week and the team threw a small party.,non-sensitive,none
"Riya read out the numbers 2329897 also books 27023 plus boxes 85 umm donuts 44, for the online order.",sensitive,hidden_credit_card
"For the Flipkart form David mentioned 4530 basically apples 10 umm waffles 87 and apples 9223, not sure if that's important.",sensitive,hidden_aadhaar
"Card details for the refund: 4697 5263 6927 7454, expiry 08/27.",sensitive,financial
"Server access IP restricted to 36.158.167.98, do not share externally.",sensitive,credentials
Quarterly all-hands meeting is scheduled for next Friday at the Ahmedabad office.,non-sensitive,none
The cafeteria menu at HCL has been updated with more vegetarian options.,non-sensitive,none
"Priya whispered 920077 plus books 3194 kind of icecream 17 sort of pizza 09 sort of files 14, for the online order.",sensitive,hidden_credit_card
"For the Microsoft form Fatima mentioned 71054 kind of files 104 then icecream 64 kind of tacos 94, not sure if that's important.",sensitive,hidden_aadhaar
"Card details for the refund: 4470 9063 2535 7630, expiry 08/27.",sensitive,financial
Laura joined the IBM engineering team as an intern this summer.,non-sensitive,none
"Vikram read out the numbers 5102563 like folders 40 basically icecream 431 also donuts 66 kind of books 80, for the online order.",sensitive,hidden_credit_card
Please reach Aditya Iyer at aditya.iyer@hotmail.com for the Amazon onboarding paperwork.,sensitive,pii
The bus number 494 was delayed by 26 minutes today.,non-sensitive,none
The bus number 844 was delayed by 27 minutes today.,non-sensitive,none
"Internal only: Amazon's Q3 layoffs will affect 147 employees, do not share.",sensitive,confidential
The bus number 227 was delayed by 37 minutes today.,non-sensitive,none
Parking near the Singapore office will be limited due to ongoing construction.,non-sensitive,none
"Emergency contact for Grace Roy: +1 572-908-1294, next of kin details attached.",sensitive,pii
Rohit joined the Oracle engineering team as an intern this summer.,non-sensitive,none
"For the Adobe form Karan mentioned 46 kind of coffee 823 kind of tacos 244 and then coffee 70 basically mangoes 53, not sure if that's important.",sensitive,hidden_aadhaar
Room 115 is booked for the Zoho workshop at 4 pm.,non-sensitive,none
John turned 23 last week and the team threw a small party.,non-sensitive,none
The Microsoft team in Singapore celebrated another successful product launch this week.,non-sensitive,none
The Bangalore marathon route will pass right by our office building this year.,non-sensitive,none
API key for the production environment: FAKEKEY_NxHvZyqbJmaKqdLltTIr6uqp.,sensitive,credentials
Aadhaar number submitted for verification: 6167 2524 2686.,sensitive,pii
"Michael casually said 31 like waffles 944 basically chairs 47 kind of waffles 674 plus burgers 59, not sure if that's important.",sensitive,hidden_aadhaar
"Internal only: Tesla's Q3 layoffs will affect 222 employees, do not share.",sensitive,confidential
The meeting got pushed from 9 to 10 pm.,non-sensitive,none
Bank account number 7446482862 linked to Nina Wilson's reimbursement.,sensitive,financial
Passport number for John Johnson: X8049503.,sensitive,pii
"Emily whispered 44 like pens 69130989 like donuts 136 then boxes 119, for the online order.",sensitive,hidden_credit_card
Room 327 is booked for the Oracle workshop at 1 pm.,non-sensitive,none
Confidential: Karan Rao's salary was increased to reflect the Google promotion.,sensitive,financial
"Nina read out the numbers 35 and then donuts 69 then sandwiches 96 and then mangoes 92 basically folders 185922 plus boxes 63, for the online order.",sensitive,hidden_credit_card
Room 431 is booked for the Deloitte workshop at 12 pm.,non-sensitive,none
The meeting got pushed from 2 to 10 pm.,non-sensitive,none
Riya Joshi's credit score and account balance are attached in the report.,sensitive,financial
Top secret: Meta is planning to acquire a competitor in Dallas next quarter.,sensitive,confidential
"Robert read out the numbers 422717 like bottles 69 then coffee 20 and then tacos 61 kind of mangoes 83 then folders 25, for the online order.",sensitive,hidden_credit_card
The meeting got pushed from 11 to 10 pm.,non-sensitive,none
"Please do not share: David's home address is 716 Park Avenue, Bangalore.",sensitive,pii
Thomas joined the Infosys engineering team as an intern this summer.,non-sensitive,none
"Nina Singh's SSN on file is 626-89-6425, needed for payroll processing.",sensitive,pii
The Accenture team in Bangalore celebrated another successful product launch this week.,non-sensitive,none
The meeting got pushed from 7 to 12 pm.,non-sensitive,none
"Emergency contact for Sara Sharma: +1 800-780-4499, next of kin details attached.",sensitive,pii
Sneha scored 65 out of 100 in the SAP quiz.,non-sensitive,none
Rohit ran 7 kilometers this morning before work.,non-sensitive,none
Employees are encouraged to recycle more as part of the Cognizant green initiative.,non-sensitive,none
Neha organized a fun trivia night for the whole department.,non-sensitive,none
The bus number 122 was delayed by 43 minutes today.,non-sensitive,none
"Internal only: Tesla's Q3 layoffs will affect 53 employees, do not share.",sensitive,confidential
We sold 4877 units of the new product this quarter.,non-sensitive,none
Aadhaar number submitted for verification: 6025 4156 4366.,sensitive,pii
The Microsoft team in Hyderabad celebrated another successful product launch this week.,non-sensitive,none
"Thomas casually said 28759 and then boxes 582 and then mangoes 86 also chairs 51, not sure if that's important.",sensitive,hidden_aadhaar
I bought 5 folders and 15 noodles today.,non-sensitive,none
Team building activities are planned for the upcoming offsite in New York.,non-sensitive,none
"Over the phone Sara said 648462 sort of icecream 9716 and mangoes 98 also sandwiches 55 basically apples 09, for the online order.",sensitive,hidden_credit_card
Paytm announced a new sustainability initiative to reduce carbon emissions.,non-sensitive,none
The cafeteria menu at Microsoft has been updated with more vegetarian options.,non-sensitive,none
We sold 982 units of the new product this quarter.,non-sensitive,none
Room 444 is booked for the SAP workshop at 11 pm.,non-sensitive,none
Send the signed NDA to laura.wilson@yahoo.com before Delhi office opens tomorrow.,sensitive,pii
There are 60 people signed up for the Ahmedabad conference so far.,non-sensitive,none
"The weather in Sydney has been pleasant this week, perfect for outdoor events.",non-sensitive,none
"I noted down 36764348 basically burgers 0412 and boxes 94 plus chairs 53, for the online order.",sensitive,hidden_credit_card
"For the Capgemini form Sneha mentioned 0497 basically books 8544 then noodles 41 then files 52, not sure if that's important.",sensitive,hidden_aadhaar
"The weather in Bangalore has been pleasant this week, perfect for outdoor events.",non-sensitive,none
"I jotted down 9341 sort of folders 3053 and then tea 04 and then books 11, not sure if that's important.",sensitive,hidden_aadhaar
We sold 4260 units of the new product this quarter.,non-sensitive,none
"Temporary login password: st4d2rHJD1, must be changed on first use.",sensitive,credentials
The bus number 429 was delayed by 28 minutes today.,non-sensitive,none
The bus number 735 was delayed by 23 minutes today.,non-sensitive,none
"For the Google form Emily mentioned 63 sort of boxes 57 sort of chairs 01 like coffee 44 and then icecream 72 plus pens 04, not sure if that's important.",sensitive,hidden_aadhaar
Please reach Grace Anderson at grace.anderson@company.com for the Deloitte onboarding paperwork.,sensitive,pii
Oracle announced a new sustainability initiative to reduce carbon emissions.,non-sensitive,none
There are 51 people signed up for the Hyderabad conference so far.,non-sensitive,none
The bus number 669 was delayed by 30 minutes today.,non-sensitive,none
"Anjali whispered 88 then tea 71 then tacos 731259 and then pens 76 then bottles 19 also bottles 45, for the online order.",sensitive,hidden_credit_card
Send the signed NDA to james.brown@yahoo.com before Delhi office opens tomorrow.,sensitive,pii
Please reach Thomas Malhotra at thomas.malhotra@gmail.com for the TCS onboarding paperwork.,sensitive,pii
Passport number for Thomas Brown: X7034401.,sensitive,pii
Room 354 is booked for the EY workshop at 11 pm.,non-sensitive,none
The library added several new books recommended by the Paytm book club.,non-sensitive,none
"I jotted down 202074 plus files 71 and bottles 87 umm tickets 16, not sure if that's important.",sensitive,hidden_aadhaar
We sold 4350 units of the new product this quarter.,non-sensitive,none
Room 376 is booked for the Paytm workshop at 9 pm.,non-sensitive,none
Zoho published a blog post about its latest open-source contributions.,non-sensitive,none
Parking near the New York office will be limited due to ongoing construction.,non-sensitive,none
Swiggy announced a new sustainability initiative to reduce carbon emissions.,non-sensitive,none
Aadhaar number submitted for verification: 3610 2495 7356.,sensitive,pii
Oracle published a blog post about its latest open-source contributions.,non-sensitive,none
We sold 2102 units of the new product this quarter.,non-sensitive,none
"Internal only: Capgemini's Q3 layoffs will affect 175 employees, do not share.",sensitive,confidential
I bought 49 files and 6 pizza today.,non-sensitive,none
The bus number 592 was delayed by 22 minutes today.,non-sensitive,none
The Swiggy team in Berlin celebrated another successful product launch this week.,non-sensitive,none
Capgemini is hosting a public webinar on industry best practices next week.,non-sensitive,none
"Over the phone Thomas said 3102020 sort of boxes 973 then pens 95 and folders 46 sort of icecream 14, for the online order.",sensitive,hidden_credit_card
Chris ran 2 kilometers this morning before work.,non-sensitive,none
We sold 3209 units of the new product this quarter.,non-sensitive,none
Room 214 is booked for the Uber workshop at 11 pm.,non-sensitive,none
The bus number 930 was delayed by 43 minutes today.,non-sensitive,none
"For the Wipro form Divya mentioned 88 sort of apples 25 kind of tickets 33 kind of pizza 603505, not sure if that's important.",sensitive,hidden_aadhaar
Accenture announced a new sustainability initiative to reduce carbon emissions.,non-sensitive,none
Please reach Thomas Bhat at thomas.bhat@outlook.com for the Tesla onboarding paperwork.,sensitive,pii
We sold 3651 units of the new product this quarter.,non-sensitive,none
We sold 2674 units of the new product this quarter.,non-sensitive,none
I bought 21 files and 15 waffles today.,non-sensitive,none
Send the signed NDA to neha.wilson@hotmail.com before Toronto office opens tomorrow.,sensitive,pii
We sold 973 units of the new product this quarter.,non-sensitive,none
"Priya whispered 272 plus boxes 9907 basically apples 859 sort of pizza 74 plus apples 48 and then tacos 74, for the online order.",sensitive,hidden_credit_card
Wipro is hosting a public webinar on industry best practices next week.,non-sensitive,none
Confidential: Daniel Iyer's salary was increased to reflect the Meta promotion.,sensitive,financial
Room 282 is booked for the Infosys workshop at 3 pm.,non-sensitive,none
API key for the production environment: FAKEKEY_YVMZdox48VBkyOTe7AmutvGU.,sensitive,credentials
Meera scored 86 out of 100 in the Accenture quiz.,non-sensitive,none
Anjali scored 85 out of 100 in the Cognizant quiz.,non-sensitive,none
"Contact number for Olivia: +1 820-631-5531, please keep this private.",sensitive,pii
Rohit turned 36 last week and the team threw a small party.,non-sensitive,none
"Contact number for Anjali: +1 656-742-1549, please keep this private.",sensitive,pii
"Over the phone Anjali said 84 then donuts 2673418872 basically chairs 05 also books 94, for the online order.",sensitive,hidden_credit_card
Top secret: Tesla is planning to acquire a competitor in Pune next quarter.,sensitive,confidential
Vikram turned 56 last week and the team threw a small party.,non-sensitive,none
John Johnson's credit score and account balance are attached in the report.,sensitive,financial
Our office in Sydney will be closed for the public holiday on Monday.,non-sensitive,none
"Grace Brown's SSN on file is 301-44-9927, needed for payroll processing.",sensitive,pii
"Meera Chowdhury's SSN on file is 752-38-6081, needed for payroll processing.",sensitive,pii
"During lunch we discussed 0517 and boxes 18 sort of tea 93 like files 84 umm bottles 67, not sure if that's important.",sensitive,hidden_aadhaar
Priya gave a great presentation on market trends during today's meeting.,non-sensitive,none
"Internal only: Flipkart's Q3 layoffs will affect 253 employees, do not share.",sensitive,confidential
Laura scored 80 out of 100 in the EY quiz.,non-sensitive,none
Priya turned 34 last week and the team threw a small party.,non-sensitive,none
"Neha read out the numbers 50571 like coffee 297 and chairs 82 and mangoes 67 basically pizza 57 sort of waffles 97, for the online order.",sensitive,hidden_credit_card
"Thomas whispered 918682067 kind of sandwiches 03 and tickets 71 basically burgers 316, for the online order.",sensitive,hidden_credit_card
Room 252 is booked for the Accenture workshop at 5 pm.,non-sensitive,none
"For the Accenture form Laura mentioned 375 plus chairs 13 basically pens 350 and files 8499, not sure if that's important.",sensitive,hidden_aadhaar
The bus number 995 was delayed by 10 minutes today.,non-sensitive,none
Please reach Mark Gupta at mark.gupta@yahoo.com for the Flipkart onboarding paperwork.,sensitive,pii
Sara ran 3 kilometers this morning before work.,non-sensitive,none
I bought 24 books and 11 icecream today.,non-sensitive,none
"Aditya read out the numbers 325525 then coffee 70 plus burgers 367 and then icecream 60 and mangoes 325, for the online order.",sensitive,hidden_credit_card
"Please do not share: Fatima's home address is 789 Residency Road, Pune.",sensitive,pii
I bought 49 pens and 12 tacos today.,non-sensitive,none
Bank account number 9507498642 linked to Chris Smith's reimbursement.,sensitive,financial
Send the signed NDA to meera.bose@yahoo.com before London office opens tomorrow.,sensitive,pii
I bought 33 boxes and 20 pizza today.,non-sensitive,none
"I jotted down 32 umm boxes 21 kind of sandwiches 03 kind of pizza 03 like pens 19 sort of tacos 98, not sure if that's important.",sensitive,hidden_aadhaar
EY is hosting a public webinar on industry best practices next week.,non-sensitive,none
Send the signed NDA to laura.smith@outlook.com before Chennai office opens tomorrow.,sensitive,pii
The Amazon team in Chicago celebrated another successful product launch this week.,non-sensitive,none
Passport number for Divya Clark: X7731110.,sensitive,pii
"Robert Verma lives at 696 Church Street, Seattle, please update the delivery records.",sensitive,pii
Sara gave a great presentation on market trends during today's meeting.,non-sensitive,none
David ran 10 kilometers this morning before work.,non-sensitive,none
The new Toronto branch office will open its doors early next month.,non-sensitive,none
The new Sydney branch office will open its doors early next month.,non-sensitive,none
"I noted down 147 and mangoes 8430 basically files 61 also tea 505 and tea 84 basically burgers 89, for the online order.",sensitive,hidden_credit_card
"Riya whispered 988 and folders 75319 also boxes 15 also waffles 16 umm waffles 21 also coffee 37, for the online order.",sensitive,hidden_credit_card
"Emergency contact for Chris Chowdhury: +1 244-818-6790, next of kin details attached.",sensitive,pii
"Over the phone John said 6210 plus coffee 142161 basically pens 121 plus noodles 313, for the online order.",sensitive,hidden_credit_card
Thomas turned 44 last week and the team threw a small party.,non-sensitive,none
We sold 723 units of the new product this quarter.,non-sensitive,none
"Grace Gupta's SSN on file is 231-55-8054, needed for payroll processing.",sensitive,pii
Send the signed NDA to thomas.wilson@company.com before Pune office opens tomorrow.,sensitive,pii
Send the signed NDA to emily.gupta@company.com before Delhi office opens tomorrow.,sensitive,pii
"Nina whispered 88158 sort of boxes 53 and tickets 403922 also tea 707, for the online order.",sensitive,hidden_credit_card
There are 67 people signed up for the Pune conference so far.,non-sensitive,none
Anjali gave a great presentation on market trends during today's meeting.,non-sensitive,none
The bus number 540 was delayed by 38 minutes today.,non-sensitive,none
"During lunch we discussed 6551 basically pens 27 then pens 42 basically boxes 25 and tea 90, not sure if that's important.",sensitive,hidden_aadhaar
The new Hyderabad branch office will open its doors early next month.,non-sensitive,none
"Laura read out the numbers 2041722021 umm waffles 34 like tacos 50 plus coffee 67, for the online order.",sensitive,hidden_credit_card
John joined the Capgemini engineering team as an intern this summer.,non-sensitive,none
Aadhaar number submitted for verification: 5674 0350 1147.,sensitive,pii
We sold 3414 units of the new product this quarter.,non-sensitive,none
James gave a great presentation on market trends during today's meeting.,non-sensitive,none
I bought 13 apples and 2 burgers today.,non-sensitive,none
Sara ran 8 kilometers this morning before work.,non-sensitive,none
"I noted down 78 like mangoes 506475 plus burgers 9970 sort of donuts 4050, for the online order.",sensitive,hidden_credit_card
The new Jaipur branch office will open its doors early next month.,non-sensitive,none
Room 339 is booked for the Intel workshop at 12 pm.,non-sensitive,none
"I noted down 65 also burgers 14 basically sandwiches 68 like chairs 615127 like tickets 4910, for the online order.",sensitive,hidden_credit_card
"During lunch we discussed 0380 basically pens 37 basically pens 61 and tickets 07 plus icecream 24, not sure if that's important.",sensitive,hidden_aadhaar
I bought 43 books and 4 burgers today.,non-sensitive,none
"I jotted down 650 and tacos 568 like tickets 75 and then boxes 35 basically books 23, not sure if that's important.",sensitive,hidden_aadhaar
We sold 1433 units of the new product this quarter.,non-sensitive,none
"I jotted down 606 like books 68621 like tea 96 basically tea 13, not sure if that's important.",sensitive,hidden_aadhaar
"Internal only: Oracle's Q3 layoffs will affect 40 employees, do not share.",sensitive,confidential
"Laura Menon lives at 421 Maple Court, Delhi, please update the delivery records.",sensitive,pii
Send the signed NDA to william.reddy@outlook.com before New York office opens tomorrow.,sensitive,pii
"Card details for the refund: 4605 3068 4275 8209, expiry 08/27.",sensitive,financial
"The weather in Pune has been pleasant this week, perfect for outdoor events.",non-sensitive,none
"Login credentials — username: thomas6, password: AjPR7!AaFA.",sensitive,credentials
Priya ran 3 kilometers this morning before work.,non-sensitive,none
Room 411 is booked for the IBM workshop at 1 pm.,non-sensitive,none
Room 346 is booked for the SAP workshop at 10 pm.,non-sensitive,none
Neha turned 43 last week and the team threw a small party.,non-sensitive,none
Employees are encouraged to recycle more as part of the Capgemini green initiative.,non-sensitive,none
Robert turned 50 last week and the team threw a small party.,non-sensitive,none
Aditya joined the Flipkart engineering team as an intern this summer.,non-sensitive,none
Swiggy's new mobile app received positive reviews from early users.,non-sensitive,none
Aadhaar number submitted for verification: 3227 0098 1702.,sensitive,pii
Kavya turned 45 last week and the team threw a small party.,non-sensitive,none
"Mark casually said 85 plus tacos 5396 and then folders 19 and then boxes 03 sort of pens 68, not sure if that's important.",sensitive,hidden_aadhaar
The Swiggy team in Singapore celebrated another successful product launch this week.,non-sensitive,none
"During lunch we discussed 43 and donuts 61 like sandwiches 52 umm tacos 85 then tea 45 umm tea 54, not sure if that's important.",sensitive,hidden_aadhaar
"For the Flipkart form Fatima mentioned 43 sort of tea 302 sort of bottles 425 plus coffee 71 like files 52, not sure if that's important.",sensitive,hidden_aadhaar
"Internal only: Flipkart's Q3 layoffs will affect 181 employees, do not share.",sensitive,confidential
"Robert casually said 64 and apples 32 and then waffles 69 basically coffee 66 basically books 37 basically pens 57, not sure if that's important.",sensitive,hidden_aadhaar
Infosys is hosting a public webinar on industry best practices next week.,non-sensitive,none
API key for the production environment: FAKEKEY_RutJUYF7ZcxB4iRNCiKMZQHv.,sensitive,credentials
John Joshi's credit score and account balance are attached in the report.,sensitive,financial
IBM is hosting a public webinar on industry best practices next week.,non-sensitive,none
Zoho's new mobile app received positive reviews from early users.,non-sensitive,none
"David read out the numbers 14998 basically icecream 253 also boxes 91 and then donuts 81 also noodles 86 like tickets 94, for the online order.",sensitive,hidden_credit_card
Karan gave a great presentation on market trends during today's meeting.,non-sensitive,none
Tesla announced a new sustainability initiative to reduce carbon emissions.,non-sensitive,none
The library added several new books recommended by the Oracle book club.,non-sensitive,none
"Login credentials — username: divya91, password: gObi0PeJC4.",sensitive,credentials
Meta published a blog post about its latest open-source contributions.,non-sensitive,none
There are 61 people signed up for the Boston conference so far.,non-sensitive,none
Thomas scored 98 out of 100 in the Infosys quiz.,non-sensitive,none
"Card details for the refund: 4685 9120 8338 5783, expiry 08/27.",sensitive,financial
"Arjun Miller lives at 3 Brigade Road, Kolkata, please update the delivery records.",sensitive,pii
The meeting got pushed from 10 to 4 pm.,non-sensitive,none
"Card details for the refund: 4092 4616 2263 1253, expiry 08/27.",sensitive,financial
API key for the production environment: FAKEKEY_nfqq1fqFlqat6DoxpY4UAhWo.,sensitive,credentials
Sneha ran 6 kilometers this morning before work.,non-sensitive,none
There are 60 people signed up for the Austin conference so far.,non-sensitive,none
The meeting got pushed from 12 to 2 pm.,non-sensitive,none
Riya Kapoor's credit score and account balance are attached in the report.,sensitive,financial
Riya scored 92 out of 100 in the Uber quiz.,non-sensitive,none
The library added several new books recommended by the Tesla book club.,non-sensitive,none
"Arjun casually said 85442 sort of bottles 300 plus tickets 66 and sandwiches 24, not sure if that's important.",sensitive,hidden_aadhaar
Sneha gave a great presentation on market trends during today's meeting.,non-sensitive,none
I bought 36 folders and 15 tacos today.,non-sensitive,none
"Please do not share: David's home address is 281 Oak Lane, Bangalore.",sensitive,pii
The meeting got pushed from 6 to 10 pm.,non-sensitive,none
There are 67 people signed up for the Sydney conference so far.,non-sensitive,none
"Karan Smith's SSN on file is 288-57-1078, needed for payroll processing.",sensitive,pii
There are 12 people signed up for the Berlin conference so far.,non-sensitive,none
"Arjun whispered 1638725 and then waffles 227 also pizza 20 basically tacos 83 then tea 06, for the online order.",sensitive,hidden_credit_card
I bought 16 tickets and 2 tacos today.,non-sensitive,none
"Aditya whispered 4726746 kind of mangoes 86 basically icecream 834 and donuts 49 also boxes 70, for the online order.",sensitive,hidden_credit_card
"For the Swiggy form Riya mentioned 80508 plus donuts 96 plus sandwiches 287 kind of mangoes 54, not sure if that's important.",sensitive,hidden_aadhaar
There are 9 people signed up for the London conference so far.,non-sensitive,none
Infosys announced a new sustainability initiative to reduce carbon emissions.,non-sensitive,none
"During lunch we discussed 9922 umm icecream 2351 and then boxes 99 also files 29, not sure if that's important.",sensitive,hidden_aadhaar
"Please do not share: Arjun's home address is 635 5th Avenue, Delhi.",sensitive,pii
Aadhaar number submitted for verification: 6662 3119 7907.,sensitive,pii
There are 26 people signed up for the London conference so far.,non-sensitive,none
Please reach Sneha Rao at sneha.rao@gmail.com for the Amazon onboarding paperwork.,sensitive,pii
The bus number 376 was delayed by 25 minutes today.,non-sensitive,none
Sara organized a fun trivia night for the whole department.,non-sensitive,none
"Olivia read out the numbers 92778430 basically chairs 43 also donuts 81 basically burgers 52 basically chairs 21, for the online order.",sensitive,hidden_credit_card
API key for the production environment: FAKEKEY_8KlPwxgEZePkStjqJZUZgd1K.,sensitive,credentials
"I jotted down 85 also apples 00 umm burgers 54 like files 87 sort of books 69 also noodles 60, not sure if that's important.",sensitive,hidden_aadhaar
Thomas turned 38 last week and the team threw a small party.,non-sensitive,none
The bus number 161 was delayed by 12 minutes today.,non-sensitive,none
The meeting got pushed from 6 to 4 pm.,non-sensitive,none
Michael scored 89 out of 100 in the Swiggy quiz.,non-sensitive,none
We sold 484 units of the new product this quarter.,non-sensitive,none
William ran 7 kilometers this morning before work.,non-sensitive,none
"The weather in New York has been pleasant this week, perfect for outdoor events.",non-sensitive,none
"I noted down 99922 then files 99 and then waffles 923 and burgers 14 and then bottles 94 basically coffee 74, for the online order.",sensitive,hidden_credit_card
"Rohit casually said 81 and waffles 5830 kind of bottles 55 plus apples 04 plus folders 96, not sure if that's important.",sensitive,hidden_aadhaar
Employees are encouraged to recycle more as part of the Oracle green initiative.,non-sensitive,none
Room 407 is booked for the Deloitte workshop at 3 pm.,non-sensitive,none
API key for the production environment: FAKEKEY_SSbR3hmXtXatugVs6XRDZ0Ik.,sensitive,credentials
"Contact number for Sneha: +1 314-302-8010, please keep this private.",sensitive,pii
Vikram turned 52 last week and the team threw a small party.,non-sensitive,none
I bought 25 bottles and 20 tacos today.,non-sensitive,none
"I noted down 19 plus tacos 89 basically pizza 12720540 like pens 4689, for the online order.",sensitive,hidden_credit_card
Aadhaar number submitted for verification: 6499 6889 8426.,sensitive,pii
API key for the production environment: FAKEKEY_wKDygsOWMNdvtIp70Kz64KZQ.,sensitive,credentials
Quarterly all-hands meeting is scheduled for next Friday at the New York office.,non-sensitive,none
The meeting got pushed from 8 to 6 pm.,non-sensitive,none
Send the signed NDA to priya.kumar@yahoo.com before Seattle office opens tomorrow.,sensitive,pii
"During lunch we discussed 936 and files 646 also tea 77 and then pens 32 plus pens 01, not sure if that's important.",sensitive,hidden_aadhaar
Room 412 is booked for the EY workshop at 8 pm.,non-sensitive,none
Sara scored 69 out of 100 in the TCS quiz.,non-sensitive,none
"Card details for the refund: 4521 6661 3066 9884, expiry 08/27.",sensitive,financial
The Meta team in Jaipur celebrated another successful product launch this week.,non-sensitive,none
"Arjun whispered 58 plus boxes 63852 sort of donuts 668638 and then burgers 774, for the online order.",sensitive,hidden_credit_card
The library added several new books recommended by the Wipro book club.,non-sensitive,none
William joined the Wipro engineering team as an intern this summer.,non-sensitive,none
Riya Chowdhury's credit score and account balance are attached in the report.,sensitive,financial
Grace joined the Microsoft engineering team as an intern this summer.,non-sensitive,none
"Over the phone Neha said 6498667 basically boxes 073 also tea 8963 and then folders 42, for the online order.",sensitive,hidden_credit_card
Deloitte is hosting a public webinar on industry best practices next week.,non-sensitive,none
Michael joined the Zoho engineering team as an intern this summer.,non-sensitive,none
"Grace Khan's SSN on file is 418-69-4481, needed for payroll processing.",sensitive,pii
The recipe needs 4 cups of flour and 1 eggs.,non-sensitive,none
Grace turned 24 last week and the team threw a small party.,non-sensitive,none
Passport number for Karan Miller: X7649787.,sensitive,pii
"Login credentials — username: aditya60, password: EuVTBZWAM8.",sensitive,credentials
The bus number 540 was delayed by 23 minutes today.,non-sensitive,none
The meeting got pushed from 9 to 5 pm.,non-sensitive,none
The recipe needs 3 cups of flour and 1 eggs.,non-sensitive,none
Aadhaar number submitted for verification: 2464 2081 1455.,sensitive,pii
Parking near the London office will be limited due to ongoing construction.,non-sensitive,none
The cafeteria menu at Intel has been updated with more vegetarian options.,non-sensitive,none
Arjun ran 12 kilometers this morning before work.,non-sensitive,none
The SAP team in Jaipur celebrated another successful product launch this week.,non-sensitive,none
We sold 1038 units of the new product this quarter.,non-sensitive,none
Room 204 is booked for the Oracle workshop at 8 pm.,non-sensitive,none
There are 13 people signed up for the Jaipur conference so far.,non-sensitive,none
"Over the phone Priya said 3803137 like burgers 97 sort of tickets 718 also files 6861, for the online order.",sensitive,hidden_credit_card
The meeting got pushed from 5 to 2 pm.,non-sensitive,none
API key for the production environment: FAKEKEY_C6vWCBiJmpflvJfupxqZKm4b.,sensitive,credentials
Nina gave a great presentation on market trends during today's meeting.,non-sensitive,none
"Temporary login password: UoVRp$x2Gl, must be changed on first use.",sensitive,credentials
"During lunch we discussed 763982 umm pizza 75 kind of waffles 70 then apples 27, not sure if that's important.",sensitive,hidden_aadhaar
Passport number for Olivia Clark: X5752901.,sensitive,pii
"During lunch we discussed 85 plus burgers 17 basically bottles 50 also donuts 43 and then tacos 55 also pizza 25, not sure if that's important.",sensitive,hidden_aadhaar
Send the signed NDA to james.clark@hotmail.com before Austin office opens tomorrow.,sensitive,pii
"Daniel casually said 8205 then burgers 44 basically waffles 45 then books 34 plus bottles 35, not sure if that's important.",sensitive,hidden_aadhaar
Meera ran 1 kilometers this morning before work.,non-sensitive,none
The library added several new books recommended by the Deloitte book club.,non-sensitive,none
"Temporary login password: u9IrMKlQa!, must be changed on first use.",sensitive,credentials
Daniel joined the Microsoft engineering team as an intern this summer.,non-sensitive,none
"I noted down 6818494 umm bottles 548 sort of pens 1349 and pens 67, for the online order.",sensitive,hidden_credit_card
"Chris Singh's SSN on file is 280-39-4707, needed for payroll processing.",sensitive,pii
We sold 4667 units of the new product this quarter.,non-sensitive,none
Confidential: Emily Joshi's salary was increased to reflect the Tesla promotion.,sensitive,financial
"Mark Brown's SSN on file is 552-39-3895, needed for payroll processing.",sensitive,pii
"Nina casually said 376 basically apples 58 also folders 14656 basically tea 28, not sure if that's important.",sensitive,hidden_aadhaar
Daniel turned 22 last week and the team threw a small party.,non-sensitive,none
I bought 34 bottles and 16 donuts today.,non-sensitive,none
"Login credentials — username: sara82, password: PqxOYs5JGx.",sensitive,credentials
Aadhaar number submitted for verification: 9497 1462 6219.,sensitive,pii
Please reach Anjali Gupta at anjali.gupta@yahoo.com for the Deloitte onboarding paperwork.,sensitive,pii
"James casually said 093 plus pizza 83 then icecream 35 also bottles 29 sort of sandwiches 925, not sure if that's important.",sensitive,hidden_aadhaar
Google announced a new sustainability initiative to reduce carbon emissions.,non-sensitive,none
"I jotted down 252 sort of tea 70 kind of files 321 then donuts 19 plus tacos 86, not sure if that's important.",sensitive,hidden_aadhaar
"Over the phone Aditya said 640 then boxes 592527 sort of waffles 49 and then apples 71 then folders 536, for the online order.",sensitive,hidden_credit_card
Top secret: Uber is planning to acquire a competitor in Bangalore next quarter.,sensitive,confidential
I bought 42 bottles and 11 noodles today.,non-sensitive,none
Aadhaar number submitted for verification: 5659 4120 0588.,sensitive,pii
I bought 18 apples and 20 pizza today.,non-sensitive,none
There are 55 people signed up for the Seattle conference so far.,non-sensitive,none
"I jotted down 615825 umm pizza 02 sort of chairs 05 like icecream 33, not sure if that's important.",sensitive,hidden_aadhaar
We sold 3695 units of the new product this quarter.,non-sensitive,none
"I jotted down 774078 and then mangoes 55 sort of apples 20 kind of tickets 38, not sure if that's important.",sensitive,hidden_aadhaar
We sold 158 units of the new product this quarter.,non-sensitive,none
The bus number 782 was delayed by 16 minutes today.,non-sensitive,none
Olivia scored 61 out of 100 in the EY quiz.,non-sensitive,none
Neha scored 85 out of 100 in the Zoho quiz.,non-sensitive,none
Kavya joined the Microsoft engineering team as an intern this summer.,non-sensitive,none
Bank account number 7715840208 linked to Daniel Singh's reimbursement.,sensitive,financial
"Internal only: Zoho's Q3 layoffs will affect 113 employees, do not share.",sensitive,confidential
"Meera casually said 41 sort of tea 89 sort of donuts 45 sort of noodles 61 sort of apples 20 umm icecream 61, not sure if that's important.",sensitive,hidden_aadhaar
"Contact number for Kavya: +1 352-638-2353, please keep this private.",sensitive,pii
"Internal only: Tesla's Q3 layoffs will affect 100 employees, do not share.",sensitive,confidential
"Emergency contact for Daniel Patel: +1 321-247-3373, next of kin details attached.",sensitive,pii
Bank account number 3342494144 linked to Riya Iyer's reimbursement.,sensitive,financial
The TCS team in Mumbai celebrated another successful product launch this week.,non-sensitive,none
Laura Malhotra's credit score and account balance are attached in the report.,sensitive,financial
Divya turned 38 last week and the team threw a small party.,non-sensitive,none
Anjali joined the Infosys engineering team as an intern this summer.,non-sensitive,none
"Nina casually said 6076 and tickets 91 also sandwiches 38 also pizza 23 and mangoes 97, not sure if that's important.",sensitive,hidden_aadhaar
There are 33 people signed up for the Kolkata conference so far.,non-sensitive,none
Emily joined the Tesla engineering team as an intern this summer.,non-sensitive,none
"Server access IP restricted to 59.240.67.224, do not share externally.",sensitive,credentials
Aadhaar number submitted for verification: 0002 1613 1213.,sensitive,pii
The bus number 397 was delayed by 29 minutes today.,non-sensitive,none
Aadhaar number submitted for verification: 0274 8323 1372.,sensitive,pii
Passport number for Emily Sharma: X6000063.,sensitive,pii
Room 352 is booked for the Accenture workshop at 7 pm.,non-sensitive,none
"Card details for the refund: 4856 1937 7275 5160, expiry 08/27.",sensitive,financial
The recipe needs 2 cups of flour and 3 eggs.,non-sensitive,none
"Contact number for Thomas: +1 770-578-8508, please keep this private.",sensitive,pii
"Sara Nair's SSN on file is 995-36-7164, needed for payroll processing.",sensitive,pii
"Rohit Malhotra's SSN on file is 150-70-4206, needed for payroll processing.",sensitive,pii
The Amazon team in Boston celebrated another successful product launch this week.,non-sensitive,none
Room 458 is booked for the Intel workshop at 3 pm.,non-sensitive,none
Please reach Thomas Nair at thomas.nair@gmail.com for the Microsoft onboarding paperwork.,sensitive,pii
"Server access IP restricted to 87.175.43.208, do not share externally.",sensitive,credentials
"Nina read out the numbers 9685 kind of noodles 402 and then sandwiches 60153 sort of pizza 46 like books 43, for the online order.",sensitive,hidden_credit_card
Passport number for Olivia Roy: X3847051.,sensitive,pii
Meera organized a fun trivia night for the whole department.,non-sensitive,none
The TCS team in Sydney celebrated another successful product launch this week.,non-sensitive,none
Aadhaar number submitted for verification: 1284 0329 6750.,sensitive,pii
Aadhaar number submitted for verification: 9285 4443 5778.,sensitive,pii
"Please do not share: Laura's home address is 193 Residency Road, London.",sensitive,pii
"Mark whispered 013977403 then tickets 42 basically tickets 232 also pens 89, for the online order.",sensitive,hidden_credit_card
"During lunch we discussed 98 basically tacos 440 then coffee 73 basically bottles 85297, not sure if that's important.",sensitive,hidden_aadhaar
The meeting got pushed from 11 to 7 pm.,non-sensitive,none
"Over the phone Kavya said 43786158 like apples 14 also tickets 54 then donuts 13 sort of tickets 65, for the online order.",sensitive,hidden_credit_card
"Please do not share: Olivia's home address is 19 Church Street, Toronto.",sensitive,pii
"Vikram whispered 589098 and then coffee 68 kind of donuts 94 basically mangoes 44 and apples 65 kind of tea 12, for the online order.",sensitive,hidden_credit_card
Confidential: Michael Bhat's salary was increased to reflect the Cognizant promotion.,sensitive,financial
Grace gave a great presentation on market trends during today's meeting.,non-sensitive,none
There are 77 people signed up for the Seattle conference so far.,non-sensitive,none
Daniel ran 6 kilometers this morning before work.,non-sensitive,none
Thomas turned 53 last week and the team threw a small party.,non-sensitive,none
Room 198 is booked for the Capgemini workshop at 9 pm.,non-sensitive,none
"I noted down 209 and then noodles 0049 also boxes 0100 kind of donuts 18 and then pens 603, for the online order.",sensitive,hidden_credit_card
"I noted down 1607 plus icecream 4632 sort of chairs 08 like noodles 05 and tea 7466, for the online order.",sensitive,hidden_credit_card
I bought 20 tickets and 3 tacos today.,non-sensitive,none
Swiggy is hosting a public webinar on industry best practices next week.,non-sensitive,none
Top secret: HCL is planning to acquire a competitor in Jaipur next quarter.,sensitive,confidential
"Emergency contact for Emily Khan: +1 497-925-9462, next of kin details attached.",sensitive,pii
"Kavya read out the numbers 5515 sort of tickets 72379 basically chairs 01 sort of mangoes 329 also chairs 28, for the online order.",sensitive,hidden_credit_card
Please reach Divya Sharma at divya.sharma@yahoo.com for the Adobe onboarding paperwork.,sensitive,pii
The HCL team in Ahmedabad celebrated another successful product launch this week.,non-sensitive,none
The meeting got pushed from 7 to 7 pm.,non-sensitive,none
Please reach Riya Chowdhury at riya.chowdhury@outlook.com for the Netflix onboarding paperwork.,sensitive,pii
Arjun ran 20 kilometers this morning before work.,non-sensitive,none
Employees are encouraged to recycle more as part of the Adobe green initiative.,non-sensitive,none
Our office in Delhi will be closed for the public holiday on Monday.,non-sensitive,none
"Please do not share: Anjali's home address is 725 Church Street, Pune.",sensitive,pii
"Aditya Gupta lives at 557 Oak Lane, Delhi, please update the delivery records.",sensitive,pii
The Ahmedabad marathon route will pass right by our office building this year.,non-sensitive,none
Bank account number 9147524473 linked to Divya Rao's reimbursement.,sensitive,financial
